item_code,item_name,brand,carton_capacity,match_type,master_name_matched,total_revenue,total_qty,n_lines
13,سجق شرقى 3 ك ابو هاشم كيس 3 كيلو,ابوهاشم,4 كيس,master_list_fuzzy,سجق شرق 3 ك أبو هاشم,9802282.2,29000.0,736
101,كفته الهنا 800 جرام طبق,الهنا,12 كيس,master_list,كفته الهنا 800 جرام,9255151.89,194577.0,1567
120,برجر الهنا 900 جرام طبق,الهنا,12 كيس,master_list,برجر الهنا 900 جرام,7478965.9,148695.0,1236
102,كفته الهنا 350 طبق,الهنا,15 كيس,master_list,كفته الهنا 350,5006798.495,247547.0,1624
346,بانيه 800 جرام طبق,الهنا,12 كيس,master_list,بانيه 800 جرام,4041523.7,78480.5,820
104,برجر الهنا 400 جرام طبق,الهنا,15 كيس,master_list,برجر الهنا 400 جرام,3332655.1,134658.0,1128
402,كفته اسبيشيال عائلى طبق,اسبشيال,12 كيس,master_list_fuzzy,كفته اسبشيال عائلى,2842115.58,49882.0,358
404,برجر اسبشيال عائلى طبق,اسبشيال,12 كيس,master_list,برجر اسبشيال عائلى,2832686.08,46943.0,423
108,سجق الهنا 350 طبق,الهنا,15 كيس,master_list,سجق الهنا 350,2597303.63,98545.0,768
257,سجق الهنا 5 كيلو طبق,الهنا,2 كيس,master_list,سجق الهنا 5 كيلو,2051035.0,6472.0,509
99,سجق الهنا 800 جرام طبق,الهنا,12 كيس,master_list,سجق الهنا 800 جرام,1625317.69,30260.0,283
398,بانيه 900 جرام اسباشيل كيس,اسبشيال,10 كيس,master_list,بانيه 900 جرام اسباشيل,1519021.5,26175.0,348
2,كبده اسكندرانى 400 طبق,ابوهاشم,20 علبة,master_list,كبدة اسكندرانى 400,1251963.0,17753.0,567
1,مفروم صافى 400 جم طبق,ابوهاشم,20 علبة,master_list_fuzzy,مفروم صاف 400 جم,1101680.8,13371.0,391
399,كفته اسبيشيال صغير طبق,اسبشيال,15 كيس,master_list_fuzzy,كفته اسبشيال صغير,997117.685,39566.0,306
403,برجر اسبشيال صغير طبق,اسبشيال,15 كيس,master_list,برجر اسبشيال صغير,863478.64,31685.0,290
10,مفروم صويا 400 جم طبق,ابوهاشم,28 علبة,master_list,مفروم صويا 400 جم,857007.0,13567.0,58
255,برجر ابو هاشم جامبو 1.5 كيلو طبق,ابوهاشم,9 كيس,master_list_fuzzy,برجر أبو هاشم جامبو 1.50 كيلو,745004.3,4362.0,311
107,سجق 800 ابو هاشم طبق,ابوهاشم,16 كيس,master_list,سجق 800 أبو هاشم,685302.6,7102.0,412
114,كفته ابو هاشم 800 طبق,ابوهاشم,16 كيس,master_list,كفته أبو هاشم 800,677951.57,7350.0,398
420,برجر الهنا 800 جرام طبق,الهنا,12 كيس,master_list,برجر الهنا 800 جرام,563538.24,12744.0,157
96,عرض مصنعات طبق,الهنا,,master_list,عرض مصنعات,532350.0,7320.0,27
397,بانيه 800 جرام اسباشيل كيس,اسبشيال,12 كيس,master_list,بانيه 800 جرام اسباشيل,519508.0,10253.0,85
80,برجر 1200 جم طبق,ابوهاشم,11 كيس,master_list,برجر 1200 جم,498221.0,3533.0,35
441,استربس اسبشيال 900 جرام,اسبشيال,,keyword,,406290.0,2571.0,79
406,سجق اسبيشيال عائلى طبق,اسبشيال,12 كيس,master_list_fuzzy,سجق اسبشيال عائلى,406265.5,6291.0,54
262,بانيه 900 جرام طبق,الهنا,10 كيس,master_list,بانيه 900 جرام,384908.25,7022.0,92
7,سجق 350 جم ابو هاشم طبق,ابوهاشم,20 كيس,master_list,سجق 350 جم أبو هاشم,342917.0,7551.0,391
435,عجينة بقرى 5 ك,ابوهاشم,3 كيس,master_list,عجينة بقرى 5 ك,333296.0,733.0,56
44,برجر ابو هاشم 600 جرام طبق,ابوهاشم,20 كيس,master_list,برجر أبو هاشم 600 جرام,332405.0,5119.0,35
405,سجق اسبيشيال صغير طبق,اسبشيال,15 كيس,master_list_fuzzy,سجق اسبشيال صغير,331499.54,9762.0,119
292,عجينه سجق 5 كيلو الهنا طبق,الهنا,3 كيس,master_list,عجينه سجق 5 كيلو الهنا,245390.0,1169.0,58
8,كفته 350 جم ابو هاشم طبق,ابوهاشم,20 كيس,master_list,كفته 350 جم أبو هاشم,240773.3,5849.0,333
421,برجر ابو هاشم 1 ك طبق,ابوهاشم,12 كيس,master_list,برجر أبو هاشم 1 ك,229487.21,2017.0,142
6,برجر 400 جم ابو هاشم طبق,ابوهاشم,20 كيس,master_list,برجر 400 جم أبو هاشم,157623.56,3601.0,205
422,بانيه 700 جرام طبق,الهنا,12 كيس,master_list,بانيه 700 جرام,152282.0,3244.0,65
27,مفروم صويا 350 جم طبق,ابوهاشم,,master_list,مفروم صويا 350 جم,145405.0,2237.0,4
258,كبده 3 كيلو كيس 3 كيلو,ابوهاشم,4 كيس,master_list,كبده 3 كيلو,143860.0,279.0,44
439,استربس الهنا 800 جرام,الهنا,12 كيس,master_list_fuzzy,سجق الهنا 800 جرام,140100.0,935.0,26
33,كيلو مفروم هندى كيلو,ابوهاشم,,master_list,كيلو مفروم هندى,125014.5,561.0,143
447,استربس الهنا 900 جرام,الهنا,12 كيس,master_list_fuzzy,برجر الهنا 900 جرام,123475.0,795.0,65
316,موزه طبق,ابوهاشم,,master_list_fuzzy,موزه,48411.18,173.54,10
109,برجر ابو هاشم 1 ك طبق,ابوهاشم,12 كيس,master_list,برجر أبو هاشم 1 ك,40270.0,409.0,23
423,سجق اسبشيال 5 ك كيس,اسبشيال,2 كيس,master_list,سجق اسبشيال 5 ك,32010.0,79.0,7
356,برجر اسبشيال مخصوص 1 ك طبق,اسبشيال,,keyword,,19433.0,114.9,16
387,عجينة سجق بقرى 5 ك اسبشيال طبق,اسبشيال,,keyword,,18895.0,53.0,15
43,بفتيك 400 جم طبق,ابوهاشم,20 كيس,master_list,بفتيك 400 جم,17800.0,186.0,17
359,ام اكس طبق,ابوهاشم,,master_list_fuzzy,ام اكس,13500.0,15.0,1
12,مفروم 3 كيلو كيس 3 كيلو,ابوهاشم,4 كيس,master_list,مفروم 3 كيلو,12960.0,20.0,11
373,عرض مصنعات الهنا كبير طبق,الهنا,,master_list,عرض مصنعات,12600.0,180.0,3
11,شاورما 400 جم طبق,ابوهاشم,20 كيس,master_list,شاورما 400 جم,10335.0,106.0,12
378,مفروم صويا 3 كيلو طبق,ابوهاشم,4 كيس,master_list_fuzzy,مفروم 3 كيلو,9582.0,22.0,4
20,كيلو اسكندرانى طبق,ابوهاشم,,master_list,كيلو اسكندرانى,8072.5,48.5,27
105,سجق الهنا 3 كيلو طبق,الهنا,2 كيس,master_list_fuzzy,سجق الهنا 5 كيلو,8028.0,42.0,2
382,كيلو سجق مخصوص طبق,ابوهاشم,,master_list,كيلو سجق,7870.0,43.0,13
417,كيلو كفته مخصوص 2 طبق,ابوهاشم,,master_list,كيلو كفته,6290.0,37.0,5
1111,برجر 800 ابوهاشم طبق,ابوهاشم,16 كيس,master_list,برجر 800 ابو هاشم,5400.0,60.0,1
14,تشكيله هندى امامى كيلو,ابوهاشم,,master_list,تشكيله هندى امامى,5367.2,21.64,6
319,عجينه حواوشي طبق,غير مصنف,,unclassified,,5280.0,22.0,3
71,طبق ممبار طبق,ابوهاشم,,master_list,طبق ممبار,4115.92,118.0,9
190,صميد طبق,غير مصنف,,unclassified,,3625.0,250.0,1
18,كيلو برجر طبق,ابوهاشم,,master_list,كيلو برجر,3600.0,18.0,1
386,سجق اسباشيل 1 كيلو طبق,اسبشيال,,keyword,,3570.0,21.0,3
440,استربس الهنا 1 كيلو,الهنا,,keyword,,3475.0,32.25,15
23,كيلو كفته طبق,ابوهاشم,,master_list,كيلو كفته,3080.0,28.0,8
385,برجر مخصوص 600 جرام طبق,غير مصنف,,unclassified,,2900.0,29.0,3
15,تشكيله برازيلى كيلو,ابوهاشم,,manual_override,,2698.95,9.47,1
21,كيلو سجق طبق,ابوهاشم,,master_list,كيلو سجق,2643.0,26.2,11
270,برجر اسبشيال طبق,اسبشيال,15 كيس,master_list_fuzzy,برجر اسبشيال صغير,2370.0,45.0,15
418,كيلو كفته مخصوص 1 طبق,ابوهاشم,,master_list,كيلو كفته,2040.0,12.0,2
87,جلتومات الصوديوم طبق,غير مصنف,,unclassified,,1875.0,25.0,1
454,كيلو استربس,غير مصنف,,unclassified,,1450.0,10.0,1
261,كتف هندى طبق,ابوهاشم,,manual_override,,1064.0,5.6,1
86,كيلو كفته مخصوص 1 كيلو,ابوهاشم,,master_list,كيلو كفته,1020.0,6.0,4
19,كيلو قطع ه طبق,ابوهاشم,,manual_override,,1000.0,4.0,1
433,عجينة بقرى 1 ك كيلو,ابوهاشم,,master_list,عجينة بقرى 1 ك,900.0,12.0,8
16,كرتونه كبده امريكى كيلو,ابوهاشم,,master_list,كرتونة كبده امريكى,850.0,5.0,2
11111,كفته حاتي سيخ طبق,غير مصنف,,unclassified,,640.0,16.0,4
296,عجينه كفته طبق,الهنا,,manual_override,,600.0,3.0,1
432,بفتيك 600 جرام طبق,ابوهاشم,,master_list,بفتيك 600 جرام,540.0,3.0,2
383,كيلو عجينة سجق مخصوص طبق,غير مصنف,,unclassified,,450.0,3.0,2
419,عجينة سجق اسباشيل بقرى 250 جرام طبق,اسبشيال,,keyword,,437.5,35.0,7
388,عجينة كفته الهنا خام طبق,الهنا,,master_list_fuzzy,عجينه كفته الهنا مخا,400.0,5.0,1
299,جلد فراخ طبق,ابوهاشم,,master_list,جلد فراخ,390.0,15.0,1
370,مفروم فراخ A طبق,ابوهاشم,,master_list,مفروم فراخ A,300.0,5.0,1
416,عجينة سجق اسبشيال نصف كيلو طبق,اسبشيال,,keyword,,140.0,6.0,4
379,بكرة لزق شفاف طبق,غير مصنف,,unclassified,,25.0,1.0,1
436,عجينة بقرى 500 جرام كيلو,ابوهاشم,,master_list,عجينة بقرى 500 جرام,0.0,1.0,1
