item_name_canonical,line_total,cum_revenue,cum_pct,rank,rank_pct,abc_class,cv_qty,xyz_class,brand
سجق شرقى 3 ك ابو هاشم كيس 3 كيلو,9802282.2,9802282.2,14.796506336162308,1,1.1494252873563218,A,0.2915569750133816,X,ابوهاشم
كفته الهنا 800 جرام طبق,9255151.89,19057434.09,28.767121626398445,2,2.2988505747126435,A,0.244550038995559,X,الهنا
برجر الهنا 900 جرام طبق,7478965.9,26536399.990000002,40.05659116720516,3,3.4482758620689653,A,0.2461362308059518,X,الهنا
كفته الهنا 350 طبق,5006798.495,31543198.485000003,47.614333756492734,4,4.597701149425287,A,0.3256721576648483,X,الهنا
بانيه 800 جرام طبق,4041523.7,35584722.185,53.71499784824885,5,5.747126436781609,A,0.2986756495486848,X,الهنا
برجر الهنا 400 جرام طبق,3332655.1,38917377.285000004,58.74562758296447,6,6.896551724137931,A,0.2749431229311552,X,الهنا
كفته اسبيشيال عائلى طبق,2842115.58,41759492.865,63.03578984615411,7,8.045977011494253,A,0.7752800017405747,Y,اسبشيال
برجر اسبشيال عائلى طبق,2832686.08,44592178.945,67.31171831626884,8,9.195402298850574,A,0.6526643077878651,Y,اسبشيال
سجق الهنا 350 طبق,2597303.63,47189482.575,71.23233790608562,9,10.344827586206897,A,0.27115915254197637,X,الهنا
سجق الهنا 5 كيلو طبق,2051035.0,49240517.575,74.32836715253913,10,11.494252873563218,A,0.3088256474254706,X,الهنا
سجق الهنا 800 جرام طبق,1625317.69,50865835.265,76.78177779790512,11,12.643678160919542,A,0.34221435621696566,X,الهنا
بانيه 900 جرام اسباشيل كيس,1519021.5,52384856.765,79.07473476353061,12,13.793103448275861,A,0.9499046460197846,Y,اسبشيال
كبده اسكندرانى 400 طبق,1251963.0,53636819.765,80.96456797626355,13,14.942528735632186,B,0.28202798351292324,X,ابوهاشم
مفروم صافى 400 جم طبق,1101680.8,54738500.565,82.6275508005724,14,16.091954022988507,B,0.26230113495186985,X,ابوهاشم
كفته اسبيشيال صغير طبق,997117.685,55735618.25,84.13269601502073,15,17.24137931034483,B,0.8354187010722446,Y,اسبشيال
برجر اسبشيال صغير طبق,863478.64,56599096.89,85.43611361790312,16,18.39080459770115,B,0.719785699202121,Y,اسبشيال
مفروم صويا 400 جم طبق,857007.0,57456103.89,86.72976230571946,17,19.54022988505747,B,0.923989079297616,Y,ابوهاشم
برجر ابو هاشم جامبو 1.5 كيلو طبق,745004.3,58201108.19,87.85434335944775,18,20.689655172413794,B,0.25558771348965226,X,ابوهاشم
سجق 800 ابو هاشم طبق,685302.6,58886410.79,88.88880493239539,19,21.839080459770116,B,0.3051534078615169,X,ابوهاشم
كفته ابو هاشم 800 طبق,677951.57,59564362.36,89.91217015453887,20,22.988505747126435,B,0.26656508144947566,X,ابوهاشم
برجر الهنا 800 جرام طبق,563538.24,60127900.6,90.76282890611304,21,24.137931034482758,B,0.9019475020486427,Y,الهنا
عرض مصنعات طبق,532350.0,60660250.6,91.56640913236444,22,25.287356321839084,B,1.8495864732856062,Z,الهنا
بانيه 800 جرام اسباشيل كيس,519508.0,61179758.6,92.35060441024443,23,26.436781609195403,B,0.9954890884987637,Y,اسبشيال
برجر 1200 جم طبق,498221.0,61677979.6,93.10266704554677,24,27.586206896551722,B,0.9208105475196168,Y,ابوهاشم
استربس اسبشيال 900 جرام,406290.0,62084269.6,93.71596019877992,25,28.735632183908045,B,2.6610867671105787,Z,اسبشيال
سجق اسبيشيال عائلى طبق,406265.5,62490535.1,94.3292163693597,26,29.88505747126437,B,0.9771298980371002,Y,اسبشيال
بانيه 900 جرام طبق,384908.25,62875443.35,94.91023385526375,27,31.03448275862069,B,1.2064658414568163,Z,الهنا
سجق 350 جم ابو هاشم طبق,342917.0,63218360.35,95.42786571484007,28,32.18390804597701,C,0.3790880847279423,X,ابوهاشم
عجينة بقرى 5 ك,333296.0,63551656.35,95.93097471284642,29,33.33333333333333,C,2.079166357689779,Z,ابوهاشم
برجر ابو هاشم 600 جرام طبق,332405.0,63884061.35,96.43273874986548,30,34.48275862068966,C,1.0962434219493093,Z,ابوهاشم
سجق اسبيشيال صغير طبق,331499.54,64215560.89,96.93313599858423,31,35.63218390804598,C,0.9875926906664763,Y,اسبشيال
برجر ابو هاشم 1 ك طبق,269757.21,64485318.1,97.34033344358235,32,36.7816091954023,C,0.5831803393115396,Y,ابوهاشم
عجينه سجق 5 كيلو الهنا طبق,245390.0,64730708.1,97.71074868115129,33,37.93103448275862,C,0.2774541249780866,X,الهنا
كفته 350 جم ابو هاشم طبق,240773.3,64971481.4,98.07419502827122,34,39.08045977011494,C,0.4639417348237898,X,ابوهاشم
برجر 400 جم ابو هاشم طبق,157623.56,65129104.96,98.31212717067255,35,40.229885057471265,C,0.8346059395643736,Y,ابوهاشم
بانيه 700 جرام طبق,152282.0,65281386.96,98.54199624931258,36,41.37931034482759,C,1.0898917795584986,Z,الهنا
مفروم صويا 350 جم طبق,145405.0,65426791.96,98.76148452356463,37,42.5287356321839,C,3.650258508462388,Z,ابوهاشم
كبده 3 كيلو كيس 3 كيلو,143860.0,65570651.96,98.97864062640774,38,43.67816091954023,C,1.3474284040884243,Z,ابوهاشم
استربس الهنا 800 جرام,140100.0,65710751.96,99.19012102407436,39,44.827586206896555,C,4.47213595499958,Z,الهنا
كيلو مفروم هندى كيلو,125014.5,65835766.46,99.37882991896437,40,45.97701149425287,C,0.4683719099116873,X,ابوهاشم
استربس الهنا 900 جرام,123475.0,65959241.46,99.56521494467377,41,47.12643678160919,C,3.802522829764847,Z,الهنا
موزه طبق,48411.18,66007652.64,99.63829143002644,42,48.275862068965516,C,1.4025220836617398,Z,ابوهاشم
سجق اسبشيال 5 ك كيس,32010.0,66039662.64,99.68661039882949,43,49.42528735632184,C,1.9806449246078697,Z,اسبشيال
برجر اسبشيال مخصوص 1 ك طبق,19433.0,66059095.64,99.7159444357164,44,50.57471264367817,C,1.7685949248178878,Z,اسبشيال
عجينة سجق بقرى 5 ك اسبشيال طبق,18895.0,66077990.64,99.74446636372433,45,51.724137931034484,C,1.719603615053847,Z,اسبشيال
بفتيك 400 جم طبق,17800.0,66095790.64,99.7713353935492,46,52.87356321839081,C,1.995272235478027,Z,ابوهاشم
ام اكس طبق,13500.0,66109290.64,99.79171359032651,47,54.02298850574713,C,4.47213595499958,Z,ابوهاشم
مفروم 3 كيلو كيس 3 كيلو,12960.0,66122250.64,99.8112766592327,48,55.172413793103445,C,1.4867838833500564,Z,ابوهاشم
عرض مصنعات الهنا كبير طبق,12600.0,66134850.64,99.83029630955818,49,56.32183908045977,C,3.3989640282352456,Z,الهنا
شاورما 400 جم طبق,10335.0,66145185.64,99.84589695131324,50,57.47126436781609,C,1.9017283709496229,Z,ابوهاشم
مفروم صويا 3 كيلو طبق,9582.0,66154767.64,99.86036094253696,51,58.620689655172406,C,4.472135954999578,Z,ابوهاشم
كيلو اسكندرانى طبق,8072.5,66162840.14,99.87254634946174,52,59.77011494252874,C,1.191555800489335,Z,ابوهاشم
سجق الهنا 3 كيلو طبق,8028.0,66170868.14,99.88466458381198,53,60.91954022988506,C,4.47213595499958,Z,الهنا
كيلو سجق مخصوص طبق,7870.0,66178738.14,99.89654431778511,54,62.06896551724138,C,1.9806642676975483,Z,ابوهاشم
كيلو كفته مخصوص 2 طبق,6290.0,66185028.14,99.90603904798728,55,63.2183908045977,C,4.472135954999579,Z,ابوهاشم
برجر 800 ابوهاشم طبق,5400.0,66190428.14,99.91419032669819,56,64.36781609195403,C,4.47213595499958,Z,ابوهاشم
تشكيله هندى امامى كيلو,5367.2,66195795.34,99.92229209393842,57,65.51724137931035,C,1.8773292784205144,Z,ابوهاشم
عجينه حواوشي طبق,5280.0,66201075.34,99.93026223312243,58,66.66666666666666,C,4.262994105940263,Z,غير مصنف
طبق ممبار طبق,4115.92,66205191.260000005,99.93647519813574,59,67.81609195402298,C,1.2562608745044865,Z,ابوهاشم
صميد طبق,3625.0,66208816.260000005,99.94194712134447,60,68.96551724137932,C,4.47213595499958,Z,غير مصنف
كيلو برجر طبق,3600.0,66212416.260000005,99.94738130715174,61,70.11494252873564,C,4.4721359549995805,Z,ابوهاشم
سجق اسباشيل 1 كيلو طبق,3570.0,66215986.260000005,99.9527702080773,62,71.26436781609196,C,3.6752657686192554,Z,اسبشيال
استربس الهنا 1 كيلو,3475.0,66219461.260000005,99.95801570687738,63,72.41379310344827,C,2.8098868799555325,Z,الهنا
كيلو كفته طبق,3080.0,66222541.260000005,99.96266495473472,64,73.5632183908046,C,1.888400911392554,Z,ابوهاشم
برجر مخصوص 600 جرام طبق,2900.0,66225441.260000005,99.96704249330169,65,74.71264367816092,C,3.2384432777583165,Z,غير مصنف
تشكيله برازيلى كيلو,2698.95,66228140.21000001,99.9711165476863,66,75.86206896551724,C,4.47213595499958,Z,ابوهاشم
كيلو سجق طبق,2643.0,66230783.21000001,99.97510614576647,67,77.01149425287356,C,1.9344782669086489,Z,ابوهاشم
برجر اسبشيال طبق,2370.0,66233153.21000001,99.97868365142293,68,78.16091954022988,C,2.23330569358242,Z,اسبشيال
كيلو كفته مخصوص 1 طبق,2040.0,66235193.21000001,99.98176302338038,69,79.3103448275862,C,4.4721359549995805,Z,ابوهاشم
جلتومات الصوديوم طبق,1875.0,66237068.21000001,99.98459332848834,70,80.45977011494253,C,4.47213595499958,Z,غير مصنف
كيلو استربس,1450.0,66238518.21000001,99.98678209777184,71,81.60919540229885,C,4.47213595499958,Z,غير مصنف
كتف هندى طبق,1064.0,66239582.21000001,99.9883882015771,72,82.75862068965517,C,4.47213595499958,Z,ابوهاشم
كيلو كفته مخصوص 1 كيلو,1020.0,66240602.21000001,99.98992788755584,73,83.9080459770115,C,3.7619206243122316,Z,ابوهاشم
كيلو قطع ه طبق,1000.0,66241602.21000001,99.9914373836134,74,85.0574712643678,C,4.472135954999579,Z,ابوهاشم
عجينة بقرى 1 ك كيلو,900.0,66242502.21000001,99.99279593006523,75,86.20689655172413,C,3.7619206243122316,Z,ابوهاشم
كرتونه كبده امريكى كيلو,850.0,66243352.21000001,99.99407900171417,76,87.35632183908046,C,3.340343505815248,Z,ابوهاشم
كفته حاتي سيخ طبق,640.0,66243992.21000001,99.99504507919102,77,88.50574712643679,C,4.472135954999579,Z,غير مصنف
عجينه كفته طبق,600.0,66244592.21000001,99.99595077682557,78,89.65517241379311,C,4.4721359549995805,Z,الهنا
بفتيك 600 جرام طبق,540.0,66245132.21000001,99.99676590469664,79,90.80459770114942,C,4.4721359549995805,Z,ابوهاشم
كيلو عجينة سجق مخصوص طبق,450.0,66245582.21000001,99.99744517792256,80,91.95402298850574,C,3.2624032328639525,Z,غير مصنف
عجينة سجق اسباشيل بقرى 250 جرام طبق,437.5,66246019.71000001,99.99810558244775,81,93.10344827586206,C,2.8109040405609145,Z,اسبشيال
عجينة كفته الهنا خام طبق,400.0,66246419.71000001,99.99870938087079,82,94.25287356321839,C,4.47213595499958,Z,الهنا
جلد فراخ طبق,390.0,66246809.71000001,99.99929808433323,83,95.40229885057471,C,4.47213595499958,Z,ابوهاشم
مفروم فراخ A طبق,300.0,66247109.71000001,99.99975093315051,84,96.55172413793103,C,4.47213595499958,Z,ابوهاشم
عجينة سجق اسبشيال نصف كيلو طبق,140.0,66247249.71000001,99.99996226259857,85,97.70114942528735,C,2.671049030620106,Z,اسبشيال
بكرة لزق شفاف طبق,25.0,66247274.71000001,100.00000000000003,86,98.85057471264368,C,4.472135954999579,Z,غير مصنف
عجينة بقرى 500 جرام كيلو,0.0,66247274.71000001,100.00000000000003,87,100.0,C,4.472135954999579,Z,ابوهاشم
