month,item_code,item_name,brand,revenue,qty,cogs,full_cost,gross_profit,op_profit,n_lines,gross_margin_pct,op_margin_pct,basis,estimated
2025-07,13,سجق شرقى 3 ك ابو هاشم كيس 3 كيلو,ابوهاشم,435340.0,1367.0,313181.4081,394182.5711,122158.5919,41157.4289,31,28.0605,9.4541,calibrated,False
2025-07,120,برجر الهنا 900 جرام طبق,الهنا,340733.88,7041.0,164697.9983,299974.9621,176035.8817,40758.9179,47,51.6637,11.9621,calibrated,False
2025-07,101,كفته الهنا 800 جرام طبق,الهنا,322618.64,7021.0,145270.06,273564.0872,177348.58,49054.5528,64,54.9716,15.2051,calibrated,False
2025-07,404,برجر اسبشيال عائلى طبق,اسبشيال,199235.5,3495.0,87841.7937,165983.1939,111393.7063,33252.3061,17,55.9106,16.69,calibrated,False
2025-07,346,بانيه 800 جرام طبق,الهنا,183654.0,3675.0,66329.28,140095.8448,117324.72,43558.1552,39,63.8836,23.7175,calibrated,False
2025-07,102,كفته الهنا 350 طبق,الهنا,153365.89,7637.0,84709.4085,127491.2933,68656.4815,25874.5967,65,44.7665,16.8712,calibrated,False
2025-07,104,برجر الهنا 400 جرام طبق,الهنا,102223.52,4282.0,48938.3003,87395.3817,53285.2197,14828.1383,44,52.1262,14.5056,calibrated,False
2025-07,257,سجق الهنا 5 كيلو طبق,الهنا,71400.0,246.0,26952.5191,59400.6565,44447.4809,11999.3435,16,62.2514,16.8058,calibrated,False
2025-07,108,سجق الهنا 350 طبق,الهنا,67860.0,2700.0,28384.4021,54351.619,39475.5979,13508.381,32,58.1721,19.9062,calibrated,False
2025-07,402,كفته اسبيشيال عائلى طبق,اسبشيال,57681.0,1094.0,31039.1163,50177.764,26641.8837,7503.236,9,46.1883,13.0082,calibrated,False
2025-07,1,مفروم صافى 400 جم طبق,ابوهاشم,57640.0,739.0,22574.6764,40734.7745,35065.3236,16905.2255,22,60.8351,29.329,calibrated,False
2025-07,403,برجر اسبشيال صغير طبق,اسبشيال,57539.0,2316.0,28580.6954,49013.5333,28958.3046,8525.4667,14,50.3281,14.8168,calibrated,False
2025-07,99,سجق الهنا 800 جرام طبق,الهنا,55221.24,1092.0,22172.1393,44948.7911,33049.1007,10272.4489,11,59.8485,18.6024,calibrated,False
2025-07,398,بانيه 900 جرام اسباشيل كيس,اسبشيال,55172.0,1003.0,19717.8849,41929.6065,35454.1151,13242.3935,7,64.2611,24.002,calibrated,False
2025-07,2,كبده اسكندرانى 400 طبق,ابوهاشم,48799.0,736.0,17723.1632,32594.5374,31075.8368,16204.4626,30,63.6813,33.2065,calibrated,False
2025-07,255,برجر ابو هاشم جامبو 1.5 كيلو طبق,ابوهاشم,33660.0,200.0,19996.726,26743.536,13663.274,6916.464,15,40.592,20.548,calibrated,False
2025-07,114,كفته ابو هاشم 800 طبق,ابوهاشم,28715.0,324.0,19974.4296,25279.4863,8740.5704,3435.5137,20,30.439,11.9642,calibrated,False
2025-07,107,سجق 800 ابو هاشم طبق,ابوهاشم,26875.0,300.0,19254.7882,25115.5684,7620.2118,1759.4316,23,28.3543,6.5467,calibrated,False
2025-07,399,كفته اسبيشيال صغير طبق,اسبشيال,14050.99,620.0,8198.5093,12496.7215,5852.4807,1554.2685,10,41.6517,11.0616,calibrated,False
2025-07,405,سجق اسبيشيال صغير طبق,اسبشيال,10893.76,301.0,3303.7786,6172.7258,7589.9814,4721.0342,5,69.6727,43.3371,calibrated,False
2025-07,33,كيلو مفروم هندى كيلو,ابوهاشم,10510.0,51.0,4274.4743,7664.078,6235.5257,2845.922,8,59.3295,27.0782,calibrated,False
2025-07,7,سجق 350 جم ابو هاشم طبق,ابوهاشم,9680.0,231.0,6847.4549,8836.6768,2832.5451,843.3232,16,29.2618,8.712,calibrated,False
2025-07,292,عجينه سجق 5 كيلو الهنا طبق,الهنا,9000.0,45.0,4930.3389,8605.4883,4069.6611,394.5117,2,45.2185,4.3835,calibrated,False
2025-07,406,سجق اسبيشيال عائلى طبق,اسبشيال,7283.75,120.0,2593.1499,5308.273,4690.6001,1975.477,1,64.3981,27.1217,calibrated,False
2025-07,80,برجر 1200 جم طبق,ابوهاشم,4620.0,33.0,2675.0036,3614.5744,1944.9964,1005.4256,1,42.0995,21.7625,calibrated,False
2025-07,8,كفته 350 جم ابو هاشم طبق,ابوهاشم,4150.0,111.0,3188.25,4106.3545,961.75,43.6455,13,23.1747,1.0517,calibrated,False
2025-08,13,سجق شرقى 3 ك ابو هاشم كيس 3 كيلو,ابوهاشم,497040.0,1562.0,403241.0918,470829.7339,93798.9082,26210.2661,46,18.8715,5.2733,calibrated,False
2025-08,101,كفته الهنا 800 جرام طبق,الهنا,410205.36,9123.0,212701.774,334436.6709,197503.586,75768.6891,84,48.1475,18.4709,calibrated,False
2025-08,120,برجر الهنا 900 جرام طبق,الهنا,378743.94,8134.0,214394.8946,328515.3835,164349.0454,50228.5565,72,43.3932,13.2619,calibrated,False
2025-08,346,بانيه 800 جرام طبق,الهنا,247868.0,4954.0,100753.5219,173368.8277,147114.4781,74499.1723,51,59.3519,30.056,calibrated,False
2025-08,102,كفته الهنا 350 طبق,الهنا,233037.79,11566.0,144560.067,191874.1323,88477.723,41163.6577,77,37.9671,17.6639,calibrated,False
2025-08,402,كفته اسبيشيال عائلى طبق,اسبشيال,133447.3,2534.0,81013.0405,113385.1118,52434.2595,20062.1882,23,39.2921,15.0338,calibrated,False
2025-08,104,برجر الهنا 400 جرام طبق,الهنا,131285.25,5538.0,71320.0213,107640.5836,59965.2287,23644.6664,50,45.6755,18.0101,calibrated,False
2025-08,108,سجق الهنا 350 طبق,الهنا,115443.0,4592.0,54396.9012,86647.18,61046.0988,28795.82,40,52.8799,24.9438,calibrated,False
2025-08,404,برجر اسبشيال عائلى طبق,اسبشيال,98771.75,1745.0,49420.3414,77910.7969,49351.4086,20860.9531,23,49.9651,21.1204,calibrated,False
2025-08,257,سجق الهنا 5 كيلو طبق,الهنا,91900.0,314.0,38765.9291,69010.9763,53134.0709,22889.0237,21,57.8173,24.9064,calibrated,False
2025-08,398,بانيه 900 جرام اسباشيل كيس,اسبشيال,87930.0,1598.0,35399.1198,61241.2325,52530.8802,26688.7675,23,59.7417,30.3523,calibrated,False
2025-08,99,سجق الهنا 800 جرام طبق,الهنا,77158.32,1524.0,34867.9345,58080.4477,42290.3855,19077.8723,12,54.8099,24.7256,calibrated,False
2025-08,399,كفته اسبيشيال صغير طبق,اسبشيال,61367.63,2687.0,40037.5195,53640.4908,21330.1105,7727.1392,13,34.7579,12.5916,calibrated,False
2025-08,2,كبده اسكندرانى 400 طبق,ابوهاشم,45347.0,684.0,18559.908,28652.4215,26787.092,16694.5785,31,59.0714,36.8152,calibrated,False
2025-08,1,مفروم صافى 400 جم طبق,ابوهاشم,42030.0,544.0,18725.4511,28487.5366,23304.5489,13542.4634,19,55.4474,32.2209,calibrated,False
2025-08,114,كفته ابو هاشم 800 طبق,ابوهاشم,40995.0,463.0,32163.7488,37699.7473,8831.2512,3295.2527,24,21.5423,8.0382,calibrated,False
2025-08,255,برجر ابو هاشم جامبو 1.5 كيلو طبق,ابوهاشم,40990.0,244.0,27490.0178,33500.7623,13499.9822,7489.2377,23,32.9348,18.2709,calibrated,False
2025-08,107,سجق 800 ابو هاشم طبق,ابوهاشم,35225.0,387.0,27988.8305,33509.7967,7236.1695,1715.2033,23,20.5427,4.8693,calibrated,False
2025-08,403,برجر اسبشيال صغير طبق,اسبشيال,24829.5,1001.0,13919.5312,20368.5577,10909.9688,4460.9423,11,43.9395,17.9663,calibrated,False
2025-08,292,عجينه سجق 5 كيلو الهنا طبق,الهنا,17400.0,87.0,10740.8785,15929.4964,6659.1215,1470.5036,4,38.2708,8.4512,calibrated,False
2025-08,421,برجر ابو هاشم 1 ك طبق,ابوهاشم,16699.71,155.0,11861.9826,14368.5986,4837.7274,2331.1114,7,28.9689,13.959,calibrated,False
2025-08,420,برجر الهنا 800 جرام طبق,الهنا,14960.4,336.0,8098.4234,11730.5594,6861.9766,3229.8406,7,45.8676,21.5893,calibrated,False
2025-08,405,سجق اسبيشيال صغير طبق,اسبشيال,13039.13,361.0,4464.8609,6977.5179,8574.2691,6061.6121,5,65.758,46.4879,calibrated,False
2025-08,7,سجق 350 جم ابو هاشم طبق,ابوهاشم,12226.0,279.0,9319.18,11073.6478,2906.82,1152.3522,20,23.7757,9.4254,calibrated,False
2025-08,406,سجق اسبيشيال عائلى طبق,اسبشيال,11653.2,192.0,4675.2398,7847.5779,6977.9602,3805.6221,2,59.8802,32.6573,calibrated,False
2025-08,8,كفته 350 جم ابو هاشم طبق,ابوهاشم,10225.0,259.0,8382.7294,9947.0972,1842.2706,277.9028,17,18.0173,2.7179,calibrated,False
2025-08,80,برجر 1200 جم طبق,ابوهاشم,7280.0,52.0,4749.7425,5830.8998,2530.2575,1449.1002,1,34.7563,19.9052,calibrated,False
2025-08,33,كيلو مفروم هندى كيلو,ابوهاشم,1315.0,6.5,613.8782,929.3511,701.1218,385.6489,4,53.3173,29.3269,calibrated,False
2025-09,13,سجق شرقى 3 ك ابو هاشم كيس 3 كيلو,ابوهاشم,547680.0,1716.0,536325.7014,597171.0593,11354.2986,-49491.0593,43,2.0732,-9.0365,calibrated,False
2025-09,101,كفته الهنا 800 جرام طبق,الهنا,532322.43,11603.0,327515.0813,454386.9055,204807.3487,77935.5245,101,38.4743,14.6407,calibrated,False
2025-09,120,برجر الهنا 900 جرام طبق,الهنا,384177.64,8009.0,255573.687,347651.5484,128603.953,36526.0916,70,33.4751,9.5076,calibrated,False
2025-09,102,كفته الهنا 350 طبق,الهنا,373395.02,18423.0,278774.5212,340531.3381,94620.4988,32863.6819,93,25.3406,8.8013,calibrated,False
2025-09,346,بانيه 800 جرام طبق,الهنا,333300.0,6492.0,159849.1453,237826.4383,173450.8547,95473.5617,57,52.0405,28.6449,calibrated,False
2025-09,404,برجر اسبشيال عائلى طبق,اسبشيال,181335.0,3192.0,109446.2197,152151.7697,71888.7803,29183.2303,18,39.6442,16.0935,calibrated,False
2025-09,104,برجر الهنا 400 جرام طبق,الهنا,181264.28,7669.0,119570.7144,160785.7638,61693.5656,20478.5162,63,34.0351,11.2976,calibrated,False
2025-09,257,سجق الهنا 5 كيلو طبق,الهنا,148040.0,506.0,75630.7905,115569.3695,72409.2095,32470.6305,32,48.9119,21.9337,calibrated,False
2025-09,108,سجق الهنا 350 طبق,الهنا,132912.0,5282.0,75752.7234,106150.8953,57159.2766,26761.1047,39,43.0054,20.1345,calibrated,False
2025-09,99,سجق الهنا 800 جرام طبق,الهنا,119692.04,2343.0,64899.465,94142.8041,54792.575,25549.2359,19,45.778,21.3458,calibrated,False
2025-09,402,كفته اسبيشيال عائلى طبق,اسبشيال,109851.6,2090.0,80895.0934,102774.102,28956.5066,7077.498,20,26.3597,6.4428,calibrated,False
2025-09,2,كبده اسكندرانى 400 طبق,ابوهاشم,60001.2,852.0,27988.968,38290.4642,32012.232,21710.7358,30,53.3527,36.1838,calibrated,False
2025-09,398,بانيه 900 جرام اسباشيل كيس,اسبشيال,59417.5,1086.0,29125.4797,43516.7305,30292.0203,15900.7695,21,50.9816,26.7611,calibrated,False
2025-09,403,برجر اسبشيال صغير طبق,اسبشيال,48100.5,1937.0,32609.7693,42835.8021,15490.7307,5264.6979,17,32.2049,10.9452,calibrated,False
2025-09,255,برجر ابو هاشم جامبو 1.5 كيلو طبق,ابوهاشم,46930.0,278.0,37919.0602,43530.8411,9010.9398,3399.1589,17,19.2008,7.243,calibrated,False
2025-09,1,مفروم صافى 400 جم طبق,ابوهاشم,44387.0,562.0,23420.5602,31684.6969,20966.4398,12702.3031,19,47.2355,28.6172,calibrated,False
2025-09,107,سجق 800 ابو هاشم طبق,ابوهاشم,34200.0,384.0,33622.6999,38111.7332,577.3001,-3911.7332,21,1.688,-11.4378,calibrated,False
2025-09,399,كفته اسبيشيال صغير طبق,اسبشيال,32067.77,1412.0,25471.925,31329.5057,6595.845,738.2643,14,20.5685,2.3022,calibrated,False
2025-09,406,سجق اسبيشيال عائلى طبق,اسبشيال,29157.9,480.0,14150.4898,20649.3463,15007.4102,8508.5537,2,51.4694,29.181,calibrated,False
2025-09,420,برجر الهنا 800 جرام طبق,الهنا,24228.0,600.0,17508.1407,22822.9971,6719.8593,1405.0029,12,27.7359,5.7991,calibrated,False
2025-09,114,كفته ابو هاشم 800 طبق,ابوهاشم,22950.0,260.0,21866.8684,24414.3192,1083.1316,-1464.3192,23,4.7195,-6.3805,calibrated,False
2025-09,7,سجق 350 جم ابو هاشم طبق,ابوهاشم,17745.0,408.0,16499.1372,18601.5541,1245.8628,-856.5541,26,7.0209,-4.827,calibrated,False
2025-09,421,برجر ابو هاشم 1 ك طبق,ابوهاشم,16270.0,148.0,13712.4442,15673.7048,2557.5558,596.2952,11,15.7195,3.665,calibrated,False
2025-09,292,عجينه سجق 5 كيلو الهنا طبق,الهنا,10000.0,50.0,7473.3983,9916.9409,2526.6017,83.0591,2,25.266,0.8306,calibrated,False
2025-09,33,كيلو مفروم هندى كيلو,ابوهاشم,7685.0,37.0,4230.5626,5702.0885,3454.4374,1982.9115,8,44.9504,25.8024,calibrated,False
2025-09,80,برجر 1200 جم طبق,ابوهاشم,6700.0,48.0,5308.0564,6125.8511,1391.9436,574.1489,2,20.7753,8.5694,calibrated,False
2025-09,8,كفته 350 جم ابو هاشم طبق,ابوهاشم,6317.0,162.0,6347.8736,7149.6838,-30.8736,-832.6838,17,-0.4887,-13.1816,calibrated,False
2025-09,405,سجق اسبيشيال صغير طبق,اسبشيال,3247.2,91.0,1362.6041,1881.6251,1884.5959,1365.5749,5,58.0376,42.0539,calibrated,False
2025-10,101,كفته الهنا 800 جرام طبق,الهنا,527986.86,11633.0,298417.0772,405254.3367,229569.7828,122732.5233,106,43.4802,23.2454,calibrated,False
2025-10,120,برجر الهنا 900 جرام طبق,الهنا,453646.62,9312.0,270054.7034,359974.645,183591.9166,93671.975,62,40.4702,20.6487,calibrated,False
2025-10,13,سجق شرقى 3 ك ابو هاشم كيس 3 كيلو,ابوهاشم,406500.0,1277.0,362721.3813,400752.3321,43778.6187,5747.6679,38,10.7696,1.4139,calibrated,False
2025-10,102,كفته الهنا 350 طبق,الهنا,364130.09,18871.0,259512.6752,312644.6044,104617.4148,51485.4856,101,28.7308,14.1393,calibrated,False
2025-10,402,كفته اسبيشيال عائلى طبق,اسبشيال,232101.21,4425.0,155653.9346,194561.2035,76447.2754,37540.0065,21,32.937,16.174,calibrated,False
2025-10,404,برجر اسبشيال عائلى طبق,اسبشيال,214131.21,3780.0,117787.883,160264.4447,96343.327,53866.7653,24,44.9927,25.156,calibrated,False
2025-10,346,بانيه 800 جرام طبق,الهنا,201680.0,3958.0,88568.3453,128498.5514,113111.6547,73181.4486,42,56.0847,36.2859,calibrated,False
2025-10,104,برجر الهنا 400 جرام طبق,الهنا,190797.4,7996.0,113299.9727,149393.2228,77497.4273,41404.1772,67,40.6177,21.7006,calibrated,False
2025-10,108,سجق الهنا 350 طبق,الهنا,149823.0,5971.0,77824.7723,106687.1602,71998.2277,43135.8398,49,48.0555,28.7912,calibrated,False
2025-10,257,سجق الهنا 5 كيلو طبق,الهنا,95940.0,327.0,44418.7987,66097.1357,51521.2013,29842.8643,30,53.7015,31.1058,calibrated,False
2025-10,398,بانيه 900 جرام اسباشيل كيس,اسبشيال,82995.0,1509.0,36779.298,53574.842,46215.702,29420.158,23,55.6849,35.4481,calibrated,False
2025-10,2,كبده اسكندرانى 400 طبق,ابوهاشم,66543.8,933.0,27854.7887,37329.7725,38689.0113,29214.0275,39,58.1407,43.902,calibrated,False
2025-10,99,سجق الهنا 800 جرام طبق,الهنا,61994.52,1224.0,30812.0915,43643.4373,31182.4285,18351.0827,13,50.2987,29.6011,calibrated,False
2025-10,420,برجر الهنا 800 جرام طبق,الهنا,59813.88,1440.0,38187.5857,48901.2714,21626.2943,10912.6086,18,36.156,18.2443,calibrated,False
2025-10,1,مفروم صافى 400 جم طبق,ابوهاشم,58730.0,760.0,28783.625,38170.2808,29946.375,20559.7192,24,50.9899,35.0072,calibrated,False
2025-10,399,كفته اسبيشيال صغير طبق,اسبشيال,45040.85,1980.0,32461.0971,39360.0773,12579.7529,5680.7727,10,27.9297,12.6125,calibrated,False
2025-10,403,برجر اسبشيال صغير طبق,اسبشيال,41778.0,1680.0,25703.8584,33153.287,16074.1416,8624.713,9,38.4751,20.6442,calibrated,False
2025-10,114,كفته ابو هاشم 800 طبق,ابوهاشم,35995.0,406.0,31032.0317,34373.1712,4962.9683,1621.8288,30,13.7879,4.5057,calibrated,False
2025-10,255,برجر ابو هاشم جامبو 1.5 كيلو طبق,ابوهاشم,33650.0,200.0,24792.1219,28183.0769,8857.8781,5466.9231,22,26.3236,16.2464,calibrated,False
2025-10,107,سجق 800 ابو هاشم طبق,ابوهاشم,31990.0,359.0,28567.1386,32092.0822,3422.8614,-102.0822,25,10.6998,-0.3191,calibrated,False
2025-10,80,برجر 1200 جم طبق,ابوهاشم,25350.0,196.0,19697.9621,22502.719,5652.0379,2847.281,3,22.296,11.2319,calibrated,False
2025-10,7,سجق 350 جم ابو هاشم طبق,ابوهاشم,24770.0,565.0,20764.4509,23209.8134,4005.5491,1560.1866,34,16.171,6.2987,calibrated,False
2025-10,8,كفته 350 جم ابو هاشم طبق,ابوهاشم,18140.0,459.0,16345.4498,18253.5685,1794.5502,-113.5685,26,9.8928,-0.6261,calibrated,False
2025-10,421,برجر ابو هاشم 1 ك طبق,ابوهاشم,15740.0,145.0,12209.3374,13823.2414,3530.6626,1916.7586,13,22.4311,12.1776,calibrated,False
2025-10,406,سجق اسبيشيال عائلى طبق,اسبشيال,14591.4,240.0,6430.0213,9159.2697,8161.3787,5432.1303,1,55.9328,37.2283,calibrated,False
2025-10,292,عجينه سجق 5 كيلو الهنا طبق,الهنا,13400.0,67.0,9101.0994,11851.2776,4298.9006,1548.7224,3,32.0813,11.5576,calibrated,False
2025-10,405,سجق اسبيشيال صغير طبق,اسبشيال,12005.4,330.0,4490.6911,6071.5516,7514.7089,5933.8484,2,62.5944,49.4265,calibrated,False
2025-10,33,كيلو مفروم هندى كيلو,ابوهاشم,3970.0,18.5,1922.3792,2540.3587,2047.6208,1429.6413,5,51.5773,36.0111,calibrated,False
2025-11,101,كفته الهنا 800 جرام طبق,الهنا,435791.52,9450.0,216885.8027,340495.649,218905.7173,95295.871,85,50.2318,21.8673,calibrated,False
2025-11,13,سجق شرقى 3 ك ابو هاشم كيس 3 كيلو,ابوهاشم,434880.0,1367.0,347390.666,405374.2488,87489.334,29505.7512,35,20.118,6.7848,calibrated,False
2025-11,120,برجر الهنا 900 جرام طبق,الهنا,319120.46,6529.0,169403.6713,259198.2184,149716.7887,59922.2416,58,46.9154,18.7773,calibrated,False
2025-11,102,كفته الهنا 350 طبق,الهنا,298724.09,14730.0,181231.5389,240299.7289,117492.5511,58424.3611,86,39.3315,19.558,calibrated,False
2025-11,104,برجر الهنا 400 جرام طبق,الهنا,163603.28,6885.0,87282.7329,131546.4005,76320.5471,32056.8795,56,46.6498,19.5943,calibrated,False
2025-11,402,كفته اسبيشيال عائلى طبق,اسبشيال,161434.25,3068.0,96553.8409,134974.3463,64880.4091,26459.9037,14,40.19,16.3905,calibrated,False
2025-11,346,بانيه 800 جرام طبق,الهنا,140559.0,2751.0,55075.7858,94603.9459,85483.2142,45955.0541,29,60.8166,32.6945,calibrated,False
2025-11,108,سجق الهنا 350 طبق,الهنا,116022.0,4606.0,53710.8583,85421.0866,62311.1417,30600.9134,42,53.7063,26.3751,calibrated,False
2025-11,404,برجر اسبشيال عائلى طبق,اسبشيال,94784.25,1668.0,46502.0645,73197.9203,48282.1855,21586.3297,13,50.939,22.7742,calibrated,False
2025-11,2,كبده اسكندرانى 400 طبق,ابوهاشم,88308.6,1229.0,32827.4749,50603.6763,55481.1251,37704.9237,37,62.8264,42.6968,calibrated,False
2025-11,1,مفروم صافى 400 جم طبق,ابوهاشم,68975.0,866.0,29343.8544,44577.5558,39631.1456,24397.4442,20,57.4573,35.3714,calibrated,False
2025-11,257,سجق الهنا 5 كيلو طبق,الهنا,63760.0,215.0,26129.1263,46429.6348,37630.8737,17330.3652,20,59.0196,27.1806,calibrated,False
2025-11,255,برجر ابو هاشم جامبو 1.5 كيلو طبق,ابوهاشم,55075.0,325.0,36044.1207,43892.2407,19030.8793,11182.7593,20,34.5545,20.3046,calibrated,False
2025-11,99,سجق الهنا 800 جرام طبق,الهنا,50160.6,974.0,21936.437,36478.9679,28224.163,13681.6321,10,56.2676,27.2757,calibrated,False
2025-11,420,برجر الهنا 800 جرام طبق,الهنا,49251.96,1176.0,27901.9402,40363.545,21350.0198,8888.415,14,43.3486,18.0468,calibrated,False
2025-11,107,سجق 800 ابو هاشم طبق,ابوهاشم,48335.0,528.0,37590.1092,44973.9426,10744.8908,3361.0574,25,22.23,6.9537,calibrated,False
2025-11,80,برجر 1200 جم طبق,ابوهاشم,42928.0,329.0,29582.0656,36287.4748,13345.9344,6640.5252,5,31.0891,15.469,calibrated,False
2025-11,399,كفته اسبيشيال صغير طبق,اسبشيال,42623.61,1875.0,27502.15,36807.0397,15121.46,5816.5703,9,35.4767,13.6464,calibrated,False
2025-11,114,كفته ابو هاشم 800 طبق,ابوهاشم,41410.0,463.0,31661.5768,37088.3267,9748.4232,4321.6733,20,23.5412,10.4363,calibrated,False
2025-11,403,برجر اسبشيال صغير طبق,اسبشيال,37228.5,1500.0,20532.776,30005.9428,16695.724,7222.5572,10,44.8466,19.4006,calibrated,False
2025-11,406,سجق اسبيشيال عائلى طبق,اسبشيال,36478.5,600.0,14382.0168,24099.937,22096.4832,12378.563,3,60.574,33.9339,calibrated,False
2025-11,398,بانيه 900 جرام اسباشيل كيس,اسبشيال,31977.0,561.0,12233.3226,21126.5202,19743.6774,10850.4798,4,61.7434,33.9321,calibrated,False
2025-11,421,برجر ابو هاشم 1 ك طبق,ابوهاشم,30790.0,281.0,21168.8752,25623.4501,9621.1248,5166.5499,20,31.2476,16.78,calibrated,False
2025-11,405,سجق اسبيشيال صغير طبق,اسبشيال,21265.2,585.0,7122.3363,11113.7406,14142.8637,10151.4594,4,66.5071,47.7374,calibrated,False
2025-11,7,سجق 350 جم ابو هاشم طبق,ابوهاشم,20550.0,466.0,15322.3469,18194.9191,5227.6531,2355.0809,30,25.4387,11.4602,calibrated,False
2025-11,292,عجينه سجق 5 كيلو الهنا طبق,الهنا,13800.0,69.0,8385.6266,12419.5288,5414.3734,1380.4712,3,39.2346,10.0034,calibrated,False
2025-11,8,كفته 350 جم ابو هاشم طبق,ابوهاشم,10168.0,257.0,8188.1292,9709.7837,1979.8708,458.2163,22,19.4716,4.5065,calibrated,False
2025-11,33,كيلو مفروم هندى كيلو,ابوهاشم,5225.0,24.5,2277.7224,3443.3468,2947.2776,1781.6532,11,56.4072,34.0986,calibrated,False
2025-12,13,سجق شرقى 3 ك ابو هاشم كيس 3 كيلو,ابوهاشم,470420.0,1477.0,375670.8254,448876.6127,94749.1746,21543.3873,39,20.1414,4.5796,calibrated,False
2025-12,101,كفته الهنا 800 جرام طبق,الهنا,428517.28,9338.0,214501.5961,357227.7346,214015.6839,71289.5454,77,49.9433,16.6363,calibrated,False
2025-12,120,برجر الهنا 900 جرام طبق,الهنا,388758.06,7959.0,206686.4458,334592.2312,182071.6142,54165.8288,57,46.8342,13.933,calibrated,False
2025-12,102,كفته الهنا 350 طبق,الهنا,280351.36,14430.0,177694.7945,245310.1968,102656.5655,35041.1632,72,36.6171,12.499,calibrated,False
2025-12,346,بانيه 800 جرام طبق,الهنا,258983.0,5014.0,100468.9318,184652.7709,158514.0682,74330.2291,49,61.2064,28.7008,calibrated,False
2025-12,104,برجر الهنا 400 جرام طبق,الهنا,181875.32,7696.0,97648.7736,155463.2903,84226.5464,26412.0297,61,46.31,14.5221,calibrated,False
2025-12,108,سجق الهنا 350 طبق,الهنا,130275.0,5190.0,60573.5267,102324.94,69701.4733,27950.06,35,53.5033,21.4547,calibrated,False
2025-12,257,سجق الهنا 5 كيلو طبق,الهنا,113580.0,388.0,47194.9463,90003.3045,66385.0537,23576.6955,35,58.4478,20.7578,calibrated,False
2025-12,404,برجر اسبشيال عائلى طبق,اسبشيال,102839.62,1818.0,50727.9614,84727.2687,52111.6586,18112.3513,16,50.6727,17.6122,calibrated,False
2025-12,402,كفته اسبيشيال عائلى طبق,اسبشيال,88440.35,1687.0,53138.1738,77824.2002,35302.1762,10616.1498,17,39.9164,12.0037,calibrated,False
2025-12,99,سجق الهنا 800 جرام طبق,الهنا,78518.4,1536.0,34623.8766,61421.7692,43894.5234,17096.6308,10,55.9035,21.774,calibrated,False
2025-12,420,برجر الهنا 800 جرام طبق,الهنا,64000.2,1536.0,36475.0285,55493.9664,27525.1715,8506.2336,19,43.0079,13.2909,calibrated,False
2025-12,403,برجر اسبشيال صغير طبق,اسبشيال,55651.5,2235.0,30620.4297,47113.8164,25031.0703,8537.6836,11,44.9782,15.3413,calibrated,False
2025-12,1,مفروم صافى 400 جم طبق,ابوهاشم,53320.0,677.0,22959.6508,36875.3363,30360.3492,16444.6637,23,56.9399,30.8415,calibrated,False
2025-12,2,كبده اسكندرانى 400 طبق,ابوهاشم,53064.4,747.0,19970.2518,32595.3879,33094.1482,20469.0121,33,62.366,38.5739,calibrated,False
2025-12,399,كفته اسبيشيال صغير طبق,اسبشيال,47776.85,2085.0,30608.9743,42699.4783,17167.8757,5077.3717,8,35.9335,10.6273,calibrated,False
2025-12,107,سجق 800 ابو هاشم طبق,ابوهاشم,44545.0,493.0,35128.8495,43184.9204,9416.1505,1360.0796,26,21.1385,3.0533,calibrated,False
2025-12,80,برجر 1200 جم طبق,ابوهاشم,40200.0,305.0,27447.9416,34711.6368,12752.0584,5488.3632,3,31.7215,13.6526,calibrated,False
2025-12,114,كفته ابو هاشم 800 طبق,ابوهاشم,32505.0,365.0,24981.6866,29980.6513,7523.3134,2524.3487,25,23.1451,7.766,calibrated,False
2025-12,255,برجر ابو هاشم جامبو 1.5 كيلو طبق,ابوهاشم,32440.0,194.0,21534.2696,27008.3655,10905.7304,5431.6345,18,33.6182,16.7436,calibrated,False
2025-12,398,بانيه 900 جرام اسباشيل كيس,اسبشيال,25350.0,450.0,9821.3553,18156.9384,15528.6447,7193.0616,12,61.257,28.375,calibrated,False
2025-12,7,سجق 350 جم ابو هاشم طبق,ابوهاشم,16755.0,389.0,12801.6609,15603.628,3953.3391,1151.372,27,23.595,6.8718,calibrated,False
2025-12,8,كفته 350 جم ابو هاشم طبق,ابوهاشم,14185.0,359.0,11447.8348,13931.5728,2737.1652,253.4272,22,19.2962,1.7866,calibrated,False
2025-12,405,سجق اسبيشيال صغير طبق,اسبشيال,13695.0,375.0,4569.5688,7559.2818,9125.4312,6135.7182,1,66.6333,44.8026,calibrated,False
2025-12,421,برجر ابو هاشم 1 ك طبق,ابوهاشم,12310.0,113.0,8520.1502,10613.3311,3789.8498,1696.6689,12,30.7868,13.7829,calibrated,False
2025-12,292,عجينه سجق 5 كيلو الهنا طبق,الهنا,10600.0,53.0,6446.7324,10067.3323,4153.2676,532.6677,2,39.1818,5.0252,calibrated,False
2025-12,33,كيلو مفروم هندى كيلو,ابوهاشم,7375.0,34.5,3210.193,5128.1551,4164.807,2246.8449,11,56.472,30.4657,calibrated,False
2025-12,406,سجق اسبيشيال عائلى طبق,اسبشيال,728.57,12.0,287.8904,514.998,440.6796,213.572,1,60.4856,29.3139,calibrated,False
2026-01,13,سجق شرقى 3 ك ابو هاشم كيس 3 كيلو,ابوهاشم,445843.2,1399.0,423743.5544,489556.3123,22099.6456,-43713.1123,33,4.9568,-9.8046,calibrated,True
2026-01,101,كفته الهنا 800 جرام طبق,الهنا,332374.32,7287.0,199335.1306,305047.5156,133039.1894,27326.8044,67,40.0269,8.2217,calibrated,True
2026-01,120,برجر الهنا 900 جرام طبق,الهنا,227278.03,4675.0,144575.1078,215883.518,82702.9222,11394.512,52,36.3884,5.0135,calibrated,True
2026-01,346,بانيه 800 جرام طبق,الهنا,156620.0,3070.0,73256.1765,122178.8552,83363.8235,34441.1448,37,53.2268,21.9903,calibrated,True
2026-01,404,برجر اسبشيال عائلى طبق,اسبشيال,152748.75,2700.0,89717.2002,137642.7837,63031.5498,15105.9663,16,41.2649,9.8894,calibrated,True
2026-01,102,كفته الهنا 350 طبق,الهنا,132800.14,7381.0,108238.5577,141064.8601,24561.5823,-8264.7201,58,18.4951,-6.2234,calibrated,True
2026-01,402,كفته اسبيشيال عائلى طبق,اسبشيال,132245.55,2520.0,94525.8302,129525.5125,37719.7198,2720.0375,14,28.5225,2.0568,calibrated,True
2026-01,257,سجق الهنا 5 كيلو طبق,الهنا,107420.0,367.0,53160.4015,91592.1696,54259.5985,15827.8304,24,50.5116,14.7345,calibrated,True
2026-01,104,برجر الهنا 400 جرام طبق,الهنا,99728.13,4331.0,65440.7601,96321.4845,34287.3699,3406.6455,44,34.3808,3.4159,calibrated,True
2026-01,108,سجق الهنا 350 طبق,الهنا,91287.0,3631.0,50466.1493,78190.2538,40820.8507,13096.7462,33,44.717,14.3468,calibrated,True
2026-01,2,كبده اسكندرانى 400 طبق,ابوهاشم,65714.0,917.0,29193.8042,43903.7902,36520.1958,21810.2098,33,55.5745,33.1896,calibrated,True
2026-01,420,برجر الهنا 800 جرام طبق,الهنا,60277.8,1404.0,39703.6057,56203.8208,20574.1943,4073.9792,17,34.1323,6.7587,calibrated,True
2026-01,1,مفروم صافى 400 جم طبق,ابوهاشم,57310.0,720.0,29078.2003,43124.9514,28231.7997,14185.0486,24,49.2616,24.7514,calibrated,True
2026-01,80,برجر 1200 جم طبق,ابوهاشم,50000.0,376.0,40295.4679,48794.5706,9704.5321,1205.4294,3,19.4091,2.4109,calibrated,True
2026-01,107,سجق 800 ابو هاشم طبق,ابوهاشم,46178.8,505.0,42851.5764,50683.9824,3327.2236,-4505.1824,33,7.2051,-9.756,calibrated,True
2026-01,399,كفته اسبيشيال صغير طبق,اسبشيال,45268.86,1981.0,34632.6409,45535.748,10636.2191,-266.888,13,23.4957,-0.5896,calibrated,True
2026-01,398,بانيه 900 جرام اسباشيل كيس,اسبشيال,42100.0,771.0,20038.7997,33593.9802,22061.2003,8506.0198,17,52.4019,20.2043,calibrated,True
2026-01,403,برجر اسبشيال صغير طبق,اسبشيال,38020.5,1531.0,24978.5578,35702.0185,13041.9422,2318.4815,13,34.3024,6.098,calibrated,True
2026-01,114,كفته ابو هاشم 800 طبق,ابوهاشم,37502.4,423.0,34476.8577,39975.4943,3025.5423,-2473.0943,25,8.0676,-6.5945,calibrated,True
2026-01,99,سجق الهنا 800 جرام طبق,الهنا,36228.24,720.0,19327.487,31250.0432,16900.753,4978.1968,10,46.6508,13.7412,calibrated,True
2026-01,255,برجر ابو هاشم جامبو 1.5 كيلو طبق,ابوهاشم,32870.0,196.0,25908.5379,31157.7509,6961.4621,1712.2491,20,21.1788,5.2092,calibrated,True
2026-01,406,سجق اسبيشيال عائلى طبق,اسبشيال,24788.19,408.0,11656.4006,18985.2886,13131.7894,5802.9014,3,52.976,23.4099,calibrated,True
2026-01,7,سجق 350 جم ابو هاشم طبق,ابوهاشم,20338.0,466.0,18262.5346,21448.3954,2075.4654,-1110.3954,25,10.2049,-5.4597,calibrated,True
2026-01,405,سجق اسبيشيال صغير طبق,اسبشيال,13074.6,361.0,5238.5317,7970.231,7836.0683,5104.369,5,59.9335,39.0403,calibrated,True
2026-01,8,كفته 350 جم ابو هاشم طبق,ابوهاشم,12265.0,312.0,11847.9146,13896.6854,417.0854,-1631.6854,20,3.4006,-13.3036,calibrated,True
2026-01,292,عجينه سجق 5 كيلو الهنا طبق,الهنا,11000.0,55.0,7966.8177,11532.9283,3033.1823,-532.9283,3,27.5744,-4.8448,calibrated,True
2026-01,421,برجر ابو هاشم 1 ك طبق,ابوهاشم,9152.2,85.0,7632.1369,9126.5639,1520.0631,25.6361,11,16.6087,0.2801,calibrated,True
2026-01,33,كيلو مفروم هندى كيلو,ابوهاشم,5610.0,27.0,2991.8115,4416.4745,2618.1885,1193.5255,8,46.67,21.275,calibrated,True
2026-02,13,سجق شرقى 3 ك ابو هاشم كيس 3 كيلو,ابوهاشم,482043.2,1513.0,466898.139,537041.6221,15145.061,-54998.4221,40,3.1418,-11.4094,calibrated,True
2026-02,101,كفته الهنا 800 جرام طبق,الهنا,479668.64,10558.0,294248.7031,445192.3306,185419.9369,34476.3094,75,38.6558,7.1875,calibrated,True
2026-02,120,برجر الهنا 900 جرام طبق,الهنا,394121.49,8130.0,256153.4911,378363.1997,137967.9989,15758.2903,54,35.0065,3.9983,calibrated,True
2026-02,102,كفته الهنا 350 طبق,الهنا,316024.39,16170.0,241587.5978,312459.2902,74436.7922,3565.0998,82,23.5541,1.1281,calibrated,True
2026-02,404,برجر اسبشيال عائلى طبق,اسبشيال,167895.75,2955.0,100038.5198,151729.7841,67857.2302,16165.9659,16,40.4163,9.6286,calibrated,True
2026-02,346,بانيه 800 جرام طبق,الهنا,165574.0,3197.0,77722.4232,127930.1447,87851.5768,37643.8553,30,53.0588,22.7354,calibrated,True
2026-02,104,برجر الهنا 400 جرام طبق,الهنا,136888.38,5760.0,88670.7657,129144.9218,48217.6143,7743.4582,47,35.224,5.6568,calibrated,True
2026-02,402,كفته اسبيشيال عائلى طبق,اسبشيال,136866.15,2592.0,99056.4548,134534.0834,37809.6952,2332.0666,16,27.6253,1.7039,calibrated,True
2026-02,108,سجق الهنا 350 طبق,الهنا,134860.5,5385.0,76253.0906,116773.424,58607.4094,18087.076,31,43.4578,13.4117,calibrated,True
2026-02,99,سجق الهنا 800 جرام طبق,الهنا,107734.44,2112.0,57760.9903,92226.6678,49973.4497,15507.7722,18,46.3858,14.3944,calibrated,True
2026-02,2,كبده اسكندرانى 400 طبق,ابوهاشم,105383.6,1556.0,50469.4733,75067.9684,54914.1267,30315.6316,27,52.1088,28.7669,calibrated,True
2026-02,257,سجق الهنا 5 كيلو طبق,الهنا,83820.0,284.0,41911.9968,71220.8391,41908.0032,12599.1609,19,49.9976,15.0312,calibrated,True
2026-02,1,مفروم صافى 400 جم طبق,ابوهاشم,81015.0,1013.0,41681.3999,61157.8077,39333.6001,19857.1923,21,48.551,24.5105,calibrated,True
2026-02,399,كفته اسبيشيال صغير طبق,اسبشيال,44603.61,1950.0,34732.3021,45309.1543,9871.3079,-705.5443,11,22.1312,-1.5818,calibrated,True
2026-02,107,سجق 800 ابو هاشم طبق,ابوهاشم,39079.2,433.0,37433.5612,44051.8808,1645.6388,-4972.6808,25,4.211,-12.7246,calibrated,True
2026-02,403,برجر اسبشيال صغير طبق,اسبشيال,38857.5,1560.0,25930.721,36698.8535,12926.779,2158.6465,10,33.2671,5.5553,calibrated,True
2026-02,420,برجر الهنا 800 جرام طبق,الهنا,38596.8,912.0,26275.7732,36838.4346,12321.0268,1758.3654,9,31.9224,4.5557,calibrated,True
2026-02,7,سجق 350 جم ابو هاشم طبق,ابوهاشم,32214.0,728.0,29067.2763,33972.1551,3146.7237,-1758.1551,22,9.7682,-5.4577,calibrated,True
2026-02,114,كفته ابو هاشم 800 طبق,ابوهاشم,30992.4,353.0,29312.971,33835.1254,1679.429,-2842.7254,26,5.4188,-9.1723,calibrated,True
2026-02,255,برجر ابو هاشم جامبو 1.5 كيلو طبق,ابوهاشم,27154.4,162.0,21817.2331,26092.9522,5337.1669,1061.4478,17,19.6549,3.9089,calibrated,True
2026-02,398,بانيه 900 جرام اسباشيل كيس,اسبشيال,19395.0,349.0,9241.4598,15288.3541,10153.5402,4106.6459,15,52.3513,21.1737,calibrated,True
2026-02,421,برجر ابو هاشم 1 ك طبق,ابوهاشم,19167.2,165.0,15094.1615,17953.0404,4073.0385,1214.1596,10,21.25,6.3346,calibrated,True
2026-02,406,سجق اسبيشيال عائلى طبق,اسبشيال,17504.5,290.0,8441.121,13574.8382,9063.379,3929.6618,3,51.7774,22.4494,calibrated,True
2026-02,8,كفته 350 جم ابو هاشم طبق,ابوهاشم,10843.0,276.0,10678.106,12464.1983,164.894,-1621.1983,19,1.5207,-14.9516,calibrated,True
2026-02,405,سجق اسبيشيال صغير طبق,اسبشيال,9277.86,255.0,3769.9915,5671.6035,5507.8685,3606.2565,3,59.3657,38.8695,calibrated,True
2026-02,33,كيلو مفروم هندى كيلو,ابوهاشم,7750.0,38.0,4289.9466,6265.9515,3460.0534,1484.0485,10,44.6459,19.149,calibrated,True
2026-02,292,عجينه سجق 5 كيلو الهنا طبق,الهنا,5000.0,25.0,3689.4363,5286.8896,1310.5637,-286.8896,1,26.2113,-5.7378,calibrated,True
2026-02,80,برجر 1200 جم طبق,ابوهاشم,3120.0,24.0,2620.4593,3155.0883,499.5407,-35.0883,1,16.0109,-1.1246,calibrated,True
2026-03,13,سجق شرقى 3 ك ابو هاشم كيس 3 كيلو,ابوهاشم,541298.8,1562.0,504452.2273,582264.7401,36846.5727,-40965.9401,33,6.8071,-7.5681,calibrated,True
2026-03,101,كفته الهنا 800 جرام طبق,الهنا,475232.64,9816.0,286301.2531,437096.5116,188931.3869,38136.1284,72,39.7556,8.0247,calibrated,True
2026-03,102,كفته الهنا 350 طبق,الهنا,279375.99,12855.0,200998.3517,261540.0885,78377.6383,17835.9015,71,28.0545,6.3842,calibrated,True
2026-03,402,كفته اسبيشيال عائلى طبق,اسبشيال,255172.31,4732.0,189255.417,258851.4255,65916.893,-3679.1155,25,25.8323,-1.4418,calibrated,True
2026-03,120,برجر الهنا 900 جرام طبق,الهنا,254795.64,4896.0,161438.4363,240520.2431,93357.2037,14275.3969,42,36.64,5.6027,calibrated,True
2026-03,346,بانيه 800 جرام طبق,الهنا,205470.0,3994.0,101617.2778,169016.665,103852.7222,36453.335,36,50.544,17.7414,calibrated,True
2026-03,404,برجر اسبشيال عائلى طبق,اسبشيال,191825.49,3268.0,115783.7521,177211.0948,76041.7379,14614.3952,27,39.6411,7.6186,calibrated,True
2026-03,104,برجر الهنا 400 جرام طبق,الهنا,145089.43,5625.0,90622.5548,133094.08,54466.8752,11995.35,44,37.5402,8.2676,calibrated,True
2026-03,108,سجق الهنا 350 طبق,الهنا,128805.75,4800.0,71132.6159,109943.0545,57673.1341,18862.6955,28,44.7753,14.6443,calibrated,True
2026-03,99,سجق الهنا 800 جرام طبق,الهنا,89083.86,1644.0,47054.193,75882.2074,42029.667,13201.6526,13,47.1799,14.8194,calibrated,True
2026-03,257,سجق الهنا 5 كيلو طبق,الهنا,56140.0,185.0,28572.4538,49087.4795,27567.5462,7052.5205,18,49.105,12.5624,calibrated,True
2026-03,1,مفروم صافى 400 جم طبق,ابوهاشم,54296.0,623.0,26827.2834,39698.1406,27468.7166,14597.8594,16,50.5907,26.8857,calibrated,True
2026-03,420,برجر الهنا 800 جرام طبق,الهنا,52060.8,1212.0,36544.2527,51627.7188,15516.5473,433.0812,12,29.8047,0.8319,calibrated,True
2026-03,399,كفته اسبيشيال صغير طبق,اسبشيال,51923.87,2058.0,38361.9017,50356.5414,13561.9683,1567.3286,22,26.1189,3.0185,calibrated,True
2026-03,398,بانيه 900 جرام اسباشيل كيس,اسبشيال,49280.0,881.0,24414.4452,40816.6741,24865.5548,8463.3259,9,50.4577,17.174,calibrated,True
2026-03,2,كبده اسكندرانى 400 طبق,ابوهاشم,45317.4,622.0,21113.7494,31679.7187,24203.6506,13637.6813,15,53.4092,30.0937,calibrated,True
2026-03,114,كفته ابو هاشم 800 طبق,ابوهاشم,45270.5,502.0,43625.9251,50536.1854,1644.5749,-5265.6854,16,3.6328,-11.6316,calibrated,True
2026-03,403,برجر اسبشيال صغير طبق,اسبشيال,43779.37,1578.0,27450.6601,39154.8889,16328.7099,4624.4811,18,37.2977,10.5632,calibrated,True
2026-03,107,سجق 800 ابو هاشم طبق,ابوهاشم,42590.0,454.0,41075.6932,48532.2048,1514.3068,-5942.2048,20,3.5555,-13.9521,calibrated,True
2026-03,80,برجر 1200 جم طبق,ابوهاشم,37440.0,288.0,32908.9836,39802.7055,4531.0164,-2362.7055,1,12.1021,-6.3106,calibrated,True
2026-03,255,برجر ابو هاشم جامبو 1.5 كيلو طبق,ابوهاشم,35979.4,212.0,29879.7059,35892.1357,6099.6941,87.2643,7,16.9533,0.2425,calibrated,True
2026-03,405,سجق اسبيشيال صغير طبق,اسبشيال,27630.4,783.0,12114.8421,18389.1162,15515.5579,9241.2838,9,56.1539,33.4461,calibrated,True
2026-03,406,سجق اسبيشيال عائلى طبق,اسبشيال,13821.72,240.0,7310.8718,11876.1284,6510.8482,1945.5916,2,47.1059,14.0763,calibrated,True
2026-03,292,عجينه سجق 5 كيلو الهنا طبق,الهنا,13800.0,60.0,9266.7418,13386.3831,4533.2582,413.6169,2,32.8497,2.9972,calibrated,True
2026-03,7,سجق 350 جم ابو هاشم طبق,ابوهاشم,13304.5,300.0,12535.7411,14707.6328,768.7589,-1403.1328,14,5.7782,-10.5463,calibrated,True
2026-03,33,كيلو مفروم هندى كيلو,ابوهاشم,12345.0,53.5,6320.8847,9310.2446,6024.1153,3034.7554,17,48.798,24.5829,calibrated,True
2026-03,8,كفته 350 جم ابو هاشم طبق,ابوهاشم,12051.0,295.0,11944.3621,13995.6983,106.6379,-1944.6983,14,0.8849,-16.1372,calibrated,True
2026-03,421,برجر ابو هاشم 1 ك طبق,ابوهاشم,11513.9,102.0,9765.1972,11664.228,1748.7028,-150.328,7,15.1878,-1.3056,calibrated,True
2026-04,101,كفته الهنا 800 جرام طبق,الهنا,709482.69,13116.0,410431.4284,679957.27,299051.2616,29525.42,75,42.1506,4.1615,calibrated,False
2026-04,13,سجق شرقى 3 ك ابو هاشم كيس 3 كيلو,ابوهاشم,562277.0,1501.0,520080.0664,620101.9363,42196.9336,-57824.9363,46,7.5047,-10.2841,calibrated,False
2026-04,120,برجر الهنا 900 جرام طبق,الهنا,502324.94,8892.0,314568.6866,506692.1887,187756.2534,-4367.2487,59,37.3775,-0.8694,calibrated,False
2026-04,402,كفته اسبيشيال عائلى طبق,اسبشيال,301261.55,4766.0,204506.9742,298271.7028,96754.5758,2989.8472,28,32.1165,0.9924,calibrated,False
2026-04,102,كفته الهنا 350 طبق,الهنا,285869.76,12736.0,213650.5264,293885.1301,72219.2336,-8015.3701,81,25.263,-2.8039,calibrated,False
2026-04,404,برجر اسبشيال عائلى طبق,اسبشيال,246585.28,3963.0,150639.944,250283.5921,95945.336,-3698.3121,48,38.9096,-1.4998,calibrated,False
2026-04,346,بانيه 800 جرام طبق,الهنا,220044.0,4092.0,111698.0581,204067.7253,108345.9419,15976.2747,19,49.2383,7.2605,calibrated,False
2026-04,104,برجر الهنا 400 جرام طبق,الهنا,200792.3,7171.0,123949.2774,196376.3479,76843.0226,4415.9521,62,38.2699,2.1993,calibrated,False
2026-04,398,بانيه 900 جرام اسباشيل كيس,اسبشيال,166562.0,2875.0,85478.9742,157078.5873,81083.0258,9483.4127,23,48.6804,5.6936,calibrated,False
2026-04,399,كفته اسبيشيال صغير طبق,اسبشيال,156996.01,5751.0,115013.4492,159849.8836,41982.5608,-2853.8736,35,26.7412,-1.8178,calibrated,False
2026-04,257,سجق الهنا 5 كيلو طبق,الهنا,155795.0,427.0,70754.5199,134093.9392,85040.4801,21701.0608,29,54.5849,13.9292,calibrated,False
2026-04,108,سجق الهنا 350 طبق,الهنا,133636.18,4381.0,69654.8398,117038.263,63981.3402,16597.917,35,47.8773,12.4202,calibrated,False
2026-04,403,برجر اسبشيال صغير طبق,اسبشيال,113035.02,3800.0,70921.8233,108623.8996,42113.1967,4411.1204,38,37.2568,3.9024,calibrated,False
2026-04,99,سجق الهنا 800 جرام طبق,الهنا,109101.12,1776.0,54536.8412,96195.1605,54564.2788,12905.9595,17,50.0126,11.8294,calibrated,False
2026-04,406,سجق اسبيشيال عائلى طبق,اسبشيال,70923.6,1152.0,37649.6468,66962.109,33273.9532,3961.491,7,46.9152,5.5856,calibrated,False
2026-04,2,كبده اسكندرانى 400 طبق,ابوهاشم,69690.0,926.0,33723.7971,54765.2542,35966.2029,14924.7458,27,51.6088,21.4159,calibrated,False
2026-04,420,برجر الهنا 800 جرام طبق,الهنا,55375.8,1116.0,36101.9917,54680.4039,19273.8083,695.3961,10,34.8055,1.2558,calibrated,False
2026-04,1,مفروم صافى 400 جم طبق,ابوهاشم,54708.0,566.0,26149.0301,41790.6497,28558.9699,12917.3503,14,52.2025,23.6114,calibrated,False
2026-04,405,سجق اسبيشيال صغير طبق,اسبشيال,47064.45,1473.0,24451.7104,40240.5546,22612.7396,6823.8954,15,48.0463,14.499,calibrated,False
2026-04,80,برجر 1200 جم طبق,ابوهاشم,35491.5,240.0,29422.7814,37107.3303,6068.7186,-1615.8303,2,17.0991,-4.5527,calibrated,False
2026-04,114,كفته ابو هاشم 800 طبق,ابوهاشم,31474.7,305.0,28437.4908,34053.611,3037.2092,-2578.911,14,9.6497,-8.1936,calibrated,False
2026-04,107,سجق 800 ابو هاشم طبق,ابوهاشم,26896.6,245.0,23781.8499,29164.4461,3114.7501,-2267.8461,16,11.5805,-8.4317,calibrated,False
2026-04,255,برجر ابو هاشم جامبو 1.5 كيلو طبق,ابوهاشم,22527.5,128.0,19355.3455,24211.2484,3172.1545,-1683.7484,13,14.0813,-7.4742,calibrated,False
2026-04,421,برجر ابو هاشم 1 ك طبق,ابوهاشم,12226.8,104.0,10682.298,13272.3652,1544.502,-1045.5652,8,12.6321,-8.5514,calibrated,False
2026-04,292,عجينه سجق 5 كيلو الهنا طبق,الهنا,11500.0,50.0,8285.0726,12877.3068,3214.9274,-1377.3068,3,27.9559,-11.9766,calibrated,False
2026-04,7,سجق 350 جم ابو هاشم طبق,ابوهاشم,10235.8,196.0,8786.8929,10684.9918,1448.9071,-449.1918,11,14.1553,-4.3884,calibrated,False
2026-04,8,كفته 350 جم ابو هاشم طبق,ابوهاشم,8938.8,182.0,7906.1097,9599.0127,1032.6903,-660.2127,10,11.5529,-7.3859,calibrated,False
2026-04,33,كيلو مفروم هندى كيلو,ابوهاشم,8346.0,33.0,4183.0064,6649.5241,4162.9936,1696.4759,7,49.8801,20.3268,calibrated,False
2026-05,13,سجق شرقى 3 ك ابو هاشم كيس 3 كيلو,ابوهاشم,805805.0,2151.0,540854.7882,640701.0634,264950.2118,165103.9366,45,32.8802,20.4893,calibrated,False
2026-05,101,كفته الهنا 800 جرام طبق,الهنا,389980.2,7416.0,168406.8197,274563.1518,221573.3803,115417.0482,60,56.8166,29.5956,calibrated,False
2026-05,346,بانيه 800 جرام طبق,الهنا,293508.9,5079.0,100609.4935,180473.1421,192899.4065,113035.7579,38,65.7218,38.5119,calibrated,False
2026-05,120,برجر الهنا 900 جرام طبق,الهنا,280988.4,4776.0,122611.4717,194493.8668,158376.9283,86494.5332,49,56.3642,30.7822,calibrated,False
2026-05,402,كفته اسبيشيال عائلى طبق,اسبشيال,267976.8,4142.0,128977.7902,185741.7571,138999.0098,82235.0429,30,51.8698,30.6874,calibrated,False
2026-05,404,برجر اسبشيال عائلى طبق,اسبشيال,220672.08,3314.0,91415.3928,149459.1119,129256.6872,71212.9681,34,58.5741,32.2709,calibrated,False
2026-05,102,كفته الهنا 350 طبق,الهنا,201787.2,9136.0,111218.6861,151311.0748,90568.5139,50476.1252,62,44.8832,25.0145,calibrated,False
2026-05,104,برجر الهنا 400 جرام طبق,الهنا,190204.5,6646.0,83363.3898,130121.6899,106841.1102,60082.8101,42,56.1717,31.5885,calibrated,False
2026-05,108,سجق الهنا 350 طبق,الهنا,181602.0,5941.0,68546.9837,113306.9667,113055.0163,68295.0333,33,62.2543,37.607,calibrated,False
2026-05,257,سجق الهنا 5 كيلو طبق,الهنا,166595.0,458.0,55073.483,102398.2911,111521.517,64196.7089,43,66.9417,38.5346,calibrated,False
2026-05,398,بانيه 900 جرام اسباشيل كيس,اسبشيال,146128.0,2350.0,50703.7484,91471.6042,95424.2516,54656.3958,24,65.3018,37.4031,calibrated,False
2026-05,99,سجق الهنا 800 جرام طبق,الهنا,111397.08,1801.0,40133.911,69561.1608,71263.169,41835.9192,18,63.9722,37.5557,calibrated,False
2026-05,399,كفته اسبيشيال صغير طبق,اسبشيال,94211.0,3490.0,50650.2321,69603.7708,43560.7679,24607.2292,31,46.2375,26.1193,calibrated,False
2026-05,2,كبده اسكندرانى 400 طبق,ابوهاشم,78873.0,1034.0,27327.303,43694.0566,51545.697,35178.9434,21,65.3528,44.602,calibrated,False
2026-05,80,برجر 1200 جم طبق,ابوهاشم,74488.5,495.0,44038.086,55078.6056,30450.414,19409.8944,3,40.8793,26.0576,calibrated,False
2026-05,435,عجينة بقرى 5 ك,ابوهاشم,72056.0,163.0,25885.7763,44655.5169,46170.2237,27400.4831,10,64.0755,38.0267,calibrated,False
2026-05,107,سجق 800 ابو هاشم طبق,ابوهاشم,61014.6,535.0,37686.3506,45873.9518,23328.2494,15140.6482,20,38.2339,24.8148,calibrated,False
2026-05,1,مفروم صافى 400 جم طبق,ابوهاشم,58120.2,600.0,20115.9782,31666.2903,38004.2218,26453.9097,18,65.389,45.5159,calibrated,False
2026-05,403,برجر اسبشيال صغير طبق,اسبشيال,54108.0,1833.0,24826.1579,37494.5447,29281.8421,16613.4553,27,54.1174,30.7042,calibrated,False
2026-05,114,كفته ابو هاشم 800 طبق,ابوهاشم,54001.97,521.0,35251.6874,41934.3796,18750.2826,12067.5904,18,34.7215,22.3466,calibrated,False
2026-05,255,برجر ابو هاشم جامبو 1.5 كيلو طبق,ابوهاشم,53595.0,300.0,32920.238,40848.1434,20674.762,12746.8566,15,38.5759,23.7837,calibrated,False
2026-05,406,سجق اسبيشيال عائلى طبق,اسبشيال,48837.6,685.0,16246.1235,28387.4901,32591.4765,20450.1099,7,66.7344,41.8737,calibrated,False
2026-05,405,سجق اسبيشيال صغير طبق,اسبشيال,42763.5,1293.0,15575.9941,25230.3499,27187.5059,17533.1501,14,63.5764,41.0003,calibrated,False
2026-05,421,برجر ابو هاشم 1 ك طبق,ابوهاشم,24137.2,203.0,15131.3661,18653.0543,9005.8339,5484.1457,13,37.311,22.7207,calibrated,False
2026-05,7,سجق 350 جم ابو هاشم طبق,ابوهاشم,22752.7,424.0,13794.1794,16654.4414,8958.5206,6098.2586,19,39.3734,26.8024,calibrated,False
2026-05,420,برجر الهنا 800 جرام طبق,الهنا,19910.4,432.0,10141.483,15151.1092,9768.917,4759.2908,5,49.0644,23.9035,calibrated,False
2026-05,292,عجينه سجق 5 كيلو الهنا طبق,الهنا,18400.0,80.0,9619.8224,14738.0688,8780.1776,3661.9312,3,47.7184,19.9018,calibrated,False
2026-05,8,كفته 350 جم ابو هاشم طبق,ابوهاشم,15371.8,306.0,9646.3636,11629.074,5725.4364,3742.726,14,37.2464,24.348,calibrated,False
2026-05,33,كيلو مفروم هندى كيلو,ابوهاشم,7678.0,28.5,2621.6228,4105.4807,5056.3772,3572.5193,7,65.8554,46.5293,calibrated,False
2026-06,13,سجق شرقى 3 ك ابو هاشم كيس 3 كيلو,ابوهاشم,582697.1165,1607.0,453945.6814,565403.5093,128751.4351,17293.6072,41,22.0958,2.9679,measured,False
2026-06,101,كفته الهنا 800 جرام طبق,الهنا,470335.9104,8784.0,224093.8944,411970.0873,246242.016,58365.8231,63,52.3545,12.4094,measured,False
2026-06,120,برجر الهنا 900 جرام طبق,الهنا,371157.5765,6540.0,188621.9712,335697.0908,182535.6053,35460.4857,45,49.1801,9.554,measured,False
2026-06,402,كفته اسبيشيال عائلى طبق,اسبشيال,250155.6961,4294.0,150215.4562,238143.6039,99940.2399,12012.0922,47,39.9512,4.8018,measured,False
2026-06,404,برجر اسبشيال عائلى طبق,اسبشيال,241951.6323,3738.0,115838.751,213662.7168,126112.8813,28288.9155,60,52.1232,11.692,measured,False
2026-06,346,بانيه 800 جرام طبق,الهنا,188144.5809,3412.0,75930.7197,156095.4245,112213.8612,32049.1564,47,59.6424,17.0343,measured,False
2026-06,102,كفته الهنا 350 طبق,الهنا,168947.5759,8670.0,118573.7378,175423.4382,50373.8381,-6475.8623,62,29.8163,-3.8331,measured,False
2026-06,398,بانيه 900 جرام اسباشيل كيس,اسبشيال,150153.0482,2500.0,60598.2325,125400.9557,89554.8157,24752.0925,29,59.6424,16.4846,measured,False
2026-06,439,استربس الهنا 800 جرام,الهنا,135545.8321,935.0,54703.1044,98404.9206,80842.7277,37140.9115,26,59.6424,27.401,measured,False
2026-06,104,برجر الهنا 400 جرام طبق,الهنا,128338.9734,4635.0,65314.9368,114039.8817,63024.0366,14299.0917,39,49.1075,11.1417,measured,False
2026-06,257,سجق الهنا 5 كيلو طبق,الهنا,128178.3695,358.0,48362.399,103634.968,79815.9705,24543.4015,33,62.2695,19.1478,measured,False
2026-06,108,سجق الهنا 350 طبق,الهنا,99917.8859,3375.0,43747.2056,81740.5372,56170.6803,18177.3487,24,56.2168,18.1923,measured,False
2026-06,403,برجر اسبشيال صغير طبق,اسبشيال,93302.3592,3287.0,50014.3346,83958.2391,43288.0246,9344.1201,33,46.3954,10.0149,measured,False
2026-06,399,كفته اسبيشيال صغير طبق,اسبشيال,90710.6184,3529.0,57538.0864,86174.5761,33172.532,4536.0423,37,36.5696,5.0006,measured,False
2026-06,435,عجينة بقرى 5 ك,ابوهاشم,73384.378,166.0,29616.2059,58177.7705,43768.1721,15206.6075,20,59.6424,20.7219,measured,False
2026-06,1,مفروم صافى 400 جم طبق,ابوهاشم,60383.2011,647.0,24369.2369,42979.392,36013.9642,17403.8091,16,59.6424,28.8223,measured,False
2026-06,441,استربس اسبشيال 900 جرام,اسبشيال,59558.8967,374.0,24036.5675,43330.5947,35522.3292,16228.302,19,59.6424,27.2475,measured,False
2026-06,2,كبده اسكندرانى 400 طبق,ابوهاشم,58634.9404,797.0,23663.6808,42513.3428,34971.2596,16121.5976,26,59.6424,27.4949,measured,False
2026-06,80,برجر 1200 جم طبق,ابوهاشم,57220.9487,395.0,39479.1756,52643.0779,17741.7731,4577.8708,3,31.0057,8.0003,measured,False
2026-06,99,سجق الهنا 800 جرام طبق,الهنا,56258.583,937.0,23457.6826,46333.6145,32800.9004,9924.9685,12,58.3038,17.6417,measured,False
2026-06,255,برجر ابو هاشم جامبو 1.5 كيلو طبق,ابوهاشم,43953.2273,252.0,31066.3332,41016.7434,12886.8941,2936.4839,14,29.3196,6.6809,measured,False
2026-06,107,سجق 800 ابو هاشم طبق,ابوهاشم,39033.7167,353.0,27935.2622,36007.2564,11098.4545,3026.4603,12,28.433,7.7535,measured,False
2026-06,405,سجق اسبيشيال صغير طبق,اسبشيال,38090.7008,1218.0,16483.6081,30072.2265,21607.0927,8018.4743,17,56.7254,21.051,measured,False
2026-06,406,سجق اسبيشيال عائلى طبق,اسبشيال,31500.0387,456.0,12149.8738,24226.485,19350.1649,7273.5537,4,61.429,23.0906,measured,False
2026-06,420,برجر الهنا 800 جرام طبق,الهنا,26486.8746,588.0,15507.5357,25695.8456,10979.3389,791.029,8,41.452,2.9865,measured,False
2026-06,421,برجر ابو هاشم 1 ك طبق,ابوهاشم,25602.0051,219.0,18338.9286,24015.7107,7263.0765,1586.2944,10,28.3692,6.196,measured,False
2026-06,114,كفته ابو هاشم 800 طبق,ابوهاشم,23939.2709,242.0,18395.2331,23033.2502,5544.0378,906.0207,15,23.1588,3.7847,measured,False
2026-06,292,عجينه سجق 5 كيلو الهنا طبق,الهنا,16244.215,73.0,9861.6065,16840.0297,6382.6085,-595.8147,4,39.2916,-3.6679,measured,False
2026-06,7,سجق 350 جم ابو هاشم طبق,ابوهاشم,9136.5244,181.0,6615.4034,8439.8106,2521.121,696.7138,9,27.5939,7.6256,measured,False
2026-06,33,كيلو مفروم هندى كيلو,ابوهاشم,8834.1827,34.5,3565.268,6249.1895,5268.9147,2584.9932,11,59.6424,29.2613,measured,False
2026-06,8,كفته 350 جم ابو هاشم طبق,ابوهاشم,6876.5564,142.0,5028.9612,6403.7293,1847.5952,472.8271,6,26.868,6.8759,measured,False
2026-06,447,استربس الهنا 900 جرام,الهنا,6748.2668,45.0,2723.4415,4936.7703,4024.8253,1811.4965,7,59.6424,26.8439,measured,False
2026-06,440,استربس الهنا 1 كيلو,الهنا,348.2976,3.0,140.5647,265.2913,207.7329,83.0063,1,59.6424,23.832,measured,False
2026-07,13,سجق شرقى 3 ك ابو هاشم كيس 3 كيلو,ابوهاشم,905565.0,2420.0,720067.505,834763.7302,185497.495,70801.2698,52,20.4842,7.8185,calibrated,False
2026-07,101,كفته الهنا 800 جرام طبق,الهنا,625456.4,12073.0,324431.2891,500886.1738,301025.1109,124570.2262,67,48.1289,19.9167,calibrated,False
2026-07,402,كفته اسبيشيال عائلى طبق,اسبشيال,350617.8,5828.0,214754.3446,296304.4427,135863.4554,54313.3573,53,38.7497,15.4908,calibrated,False
2026-07,120,برجر الهنا 900 جرام طبق,الهنا,340662.0,5988.0,181914.0141,273934.0321,158747.9859,66727.9679,45,46.5999,19.5877,calibrated,False
2026-07,404,برجر اسبشيال عائلى طبق,اسبشيال,302349.0,4734.0,154529.9476,239188.9765,147819.0524,63160.0235,57,48.8902,20.8898,calibrated,False
2026-07,102,كفته الهنا 350 طبق,الهنا,282512.0,13012.0,187449.0751,245752.2491,95062.9249,36759.7509,67,33.6492,13.0117,calibrated,False
2026-07,398,بانيه 900 جرام اسباشيل كيس,اسبشيال,233582.0,3893.0,99397.2083,168353.9468,134184.7917,65228.0532,65,57.4465,27.9251,calibrated,False
2026-07,257,سجق الهنا 5 كيلو طبق,الهنا,178710.0,491.0,69867.65,121669.7274,108842.35,57040.2726,36,60.9045,31.9178,calibrated,False
2026-07,441,استربس اسبشيال 900 جرام,اسبشيال,174640.0,1081.0,73180.669,111288.6586,101459.331,63351.3414,27,58.0963,36.2754,calibrated,False
2026-07,104,برجر الهنا 400 جرام طبق,الهنا,167764.5,5970.0,88614.9381,131500.8856,79149.5619,36263.6144,49,47.179,21.6158,calibrated,False
2026-07,399,كفته اسبيشيال صغير طبق,اسبشيال,131264.25,4940.0,84839.9765,112232.6317,46424.2735,19031.6183,45,35.367,14.4987,calibrated,False
2026-07,346,بانيه 800 جرام طبق,الهنا,128387.0,2321.0,54406.8358,91670.7418,73980.1642,36716.2582,32,57.6228,28.5981,calibrated,False
2026-07,99,سجق الهنا 800 جرام طبق,الهنا,123603.6,1992.0,52529.6712,85762.5221,71073.9288,37841.0779,10,57.5015,30.6149,calibrated,False
2026-07,108,سجق الهنا 350 طبق,الهنا,111996.0,3660.0,49972.0839,78126.9682,62023.9161,33869.0318,32,55.3805,30.2413,calibrated,False
2026-07,435,عجينة بقرى 5 ك,ابوهاشم,105340.0,229.0,43035.4799,69960.0296,62304.5201,35379.9704,18,59.1461,33.5865,calibrated,False
2026-07,447,استربس الهنا 900 جرام,الهنا,105175.0,677.0,43158.2711,65912.4491,62016.7289,39262.5509,50,58.9653,37.3307,calibrated,False
2026-07,403,برجر اسبشيال صغير طبق,اسبشيال,100681.35,3368.0,53980.4758,77747.414,46700.8742,22933.936,37,46.3848,22.7787,calibrated,False
2026-07,2,كبده اسكندرانى 400 طبق,ابوهاشم,63178.0,827.0,25864.2161,39229.8579,37313.7839,23948.1421,25,59.0614,37.9058,calibrated,False
2026-07,420,برجر الهنا 800 جرام طبق,الهنا,57864.6,1188.0,33002.8722,47069.1867,24861.7278,10795.4133,16,42.9653,18.6563,calibrated,False
2026-07,107,سجق 800 ابو هاشم طبق,ابوهاشم,38500.4,338.0,28175.0426,33456.5987,10325.3574,5043.8013,21,26.8188,13.1006,calibrated,False
2026-07,1,مفروم صافى 400 جم طبق,ابوهاشم,36796.0,380.0,15076.1719,22545.2735,21719.8281,14250.7265,14,59.0277,38.729,calibrated,False
2026-07,255,برجر ابو هاشم جامبو 1.5 كيلو طبق,ابوهاشم,35872.5,200.0,25971.0367,31367.5034,9901.4633,4504.9966,15,27.6018,12.5584,calibrated,False
2026-07,405,سجق اسبيشيال صغير طبق,اسبشيال,35018.1,1058.0,15082.0541,23147.9524,19936.0459,11870.1476,14,56.9307,33.8972,calibrated,False
2026-07,80,برجر 1200 جم طبق,ابوهاشم,34600.5,233.0,24529.9541,29836.1409,10070.5459,4764.3591,1,29.1052,13.7696,calibrated,False
2026-07,114,كفته ابو هاشم 800 طبق,ابوهاشم,32652.4,314.0,25141.3974,29253.7059,7511.0026,3398.6941,19,23.0029,10.4087,calibrated,False
2026-07,406,سجق اسبيشيال عائلى طبق,اسبشيال,24204.6,339.0,9514.2916,15649.3542,14690.3084,8555.2458,4,60.6922,35.3455,calibrated,False
2026-07,421,برجر ابو هاشم 1 ك طبق,ابوهاشم,14088.0,119.0,10496.5515,12604.423,3591.4485,1483.577,9,25.493,10.5308,calibrated,False
2026-07,292,عجينه سجق 5 كيلو الهنا طبق,الهنا,12980.0,56.0,7968.6118,11626.762,5011.3882,1353.238,4,38.6085,10.4256,calibrated,False
2026-07,7,سجق 350 جم ابو هاشم طبق,ابوهاشم,11767.5,225.0,8662.2379,10211.9991,3105.2621,1555.5009,13,26.3885,13.2186,calibrated,False
2026-07,8,كفته 350 جم ابو هاشم طبق,ابوهاشم,8488.5,173.0,6453.657,7598.1846,2034.843,890.3154,11,23.9718,10.4885,calibrated,False
2026-07,33,كيلو مفروم هندى كيلو,ابوهاشم,6759.5,26.0,2830.1944,4212.3697,3929.3056,2547.1303,6,58.1301,37.6822,calibrated,False
2026-07,440,استربس الهنا 1 كيلو,الهنا,1450.0,13.0,641.6057,1010.9405,808.3943,439.0595,5,55.7513,30.28,calibrated,False
