month,item_code,item_name,asp
2025-01,1,مفروم صافى 400 جم,76.94895591647332
2025-01,10,مفروم صويا 400 جم,55.111111111111114
2025-01,101,كفته الهنا 800 جرام,46.102233157305186
2025-01,102,كفته الهنا 350,18.44330426280798
2025-01,104,برجر الهنا 400 جرام,23.766914278314918
2025-01,105,سجق الهنا 3 كيلو,191.14285714285714
2025-01,107,سجق 800 ابو هاشم,91.39303482587064
2025-01,108,سجق الهنا 350,24.91782178217822
2025-01,114,كفته ابو هاشم 800,88.73949579831933
2025-01,12,مفروم 3 كيلو كيس 3,600.0
2025-01,120,برجر الهنا 900 جرام,48.21401207172023
2025-01,13,سجق شرقى 3 ك ابو هاشم كيس 3,317.9150197628459
2025-01,16,كرتونه كبده امريكى,170.0
2025-01,190,صميد,14.5
2025-01,2,كبده اسكندرانى 400,67.52579034941763
2025-01,255,برجر ابو هاشم جامبو 1.5 كيلو,167.93991416309012
2025-01,257,سجق الهنا 5 كيلو,292.7659574468085
2025-01,258,كبده 3 كيلو كيس 3,519.5652173913044
2025-01,261,كتف هندى,190.0
2025-01,270,برجر اسبشيال,60.0
2025-01,292,عجينه سجق 5 كيلو الهنا,200.0
2025-01,316,موزه,249.99999999999997
2025-01,33,كيلو مفروم هندى,200.0
2025-01,346,بانيه 800 جرام,49.96301538461538
2025-01,356,برجر اسبشيال مخصوص 1 ك,120.0
2025-01,373,عرض مصنعات الهنا كبير,70.0
2025-01,44,برجر ابو هاشم 600 جرام,65.0
2025-01,6,برجر 400 جم ابو هاشم,44.936708860759495
2025-01,7,سجق 350 جم ابو هاشم,44.5
2025-01,8,كفته 350 جم ابو هاشم,39.894366197183096
2025-01,87,جلتومات الصوديوم,75.0
2025-01,99,سجق الهنا 800 جرام,51.318748819641165
2025-02,1,مفروم صافى 400 جم,77.99755799755799
2025-02,10,مفروم صويا 400 جم,55.08740204942737
2025-02,101,كفته الهنا 800 جرام,43.9407994955864
2025-02,102,كفته الهنا 350,21.29963129251701
2025-02,104,برجر الهنا 400 جرام,22.17696787901512
2025-02,107,سجق 800 ابو هاشم,90.97426470588235
2025-02,108,سجق الهنا 350,24.794969884421292
2025-02,109,برجر ابو هاشم 1 ك,95.0
2025-02,114,كفته ابو هاشم 800,88.28267477203647
2025-02,12,مفروم 3 كيلو كيس 3,600.0
2025-02,120,برجر الهنا 900 جرام,47.961771679765555
2025-02,13,سجق شرقى 3 ك ابو هاشم كيس 3,317.5795297372061
2025-02,2,كبده اسكندرانى 400,66.98507462686567
2025-02,255,برجر ابو هاشم جامبو 1.5 كيلو,166.79090909090908
2025-02,257,سجق الهنا 5 كيلو,293.986013986014
2025-02,262,بانيه 900 جرام,53.79032258064516
2025-02,270,برجر اسبشيال,55.0
2025-02,292,عجينه سجق 5 كيلو الهنا,200.0
2025-02,33,كيلو مفروم هندى,200.0
2025-02,346,بانيه 800 جرام,49.0144157814871
2025-02,356,برجر اسبشيال مخصوص 1 ك,120.0
2025-02,373,عرض مصنعات الهنا كبير,70.0
2025-02,378,مفروم صويا 3 كيلو,435.54545454545456
2025-02,379,بكرة لزق شفاف,25.0
2025-02,382,كيلو سجق مخصوص,180.0
2025-02,383,كيلو عجينة سجق مخصوص,150.0
2025-02,385,برجر مخصوص 600 جرام,100.0
2025-02,387,عجينة سجق بقرى 5 ك اسبشيال,385.0
2025-02,44,برجر ابو هاشم 600 جرام,65.0
2025-02,6,برجر 400 جم ابو هاشم,43.719714964370546
2025-02,7,سجق 350 جم ابو هاشم,42.90736842105263
2025-02,8,كفته 350 جم ابو هاشم,37.87062404870624
2025-02,99,سجق الهنا 800 جرام,50.31696113074205
2025-03,1,مفروم صافى 400 جم,77.46822033898304
2025-03,10,مفروم صويا 400 جم,55.13364413364413
2025-03,101,كفته الهنا 800 جرام,44.91571278163824
2025-03,102,كفته الهنا 350,18.956881117211744
2025-03,104,برجر الهنا 400 جرام,23.728549622684657
2025-03,107,سجق 800 ابو هاشم,89.75708502024291
2025-03,108,سجق الهنا 350,24.987941881366087
2025-03,109,برجر ابو هاشم 1 ك,97.5
2025-03,11,شاورما 400 جم,91.4
2025-03,11111,كفته حاتي سيخ,40.0
2025-03,114,كفته ابو هاشم 800,88.53658536585365
2025-03,12,مفروم 3 كيلو كيس 3,600.0
2025-03,120,برجر الهنا 900 جرام,48.44076954232483
2025-03,13,سجق شرقى 3 ك ابو هاشم كيس 3,318.7508486082824
2025-03,2,كبده اسكندرانى 400,66.75675675675676
2025-03,20,كيلو اسكندرانى,170.0
2025-03,21,كيلو سجق,100.0
2025-03,255,برجر ابو هاشم جامبو 1.5 كيلو,167.40625
2025-03,257,سجق الهنا 5 كيلو,296.2962962962963
2025-03,258,كبده 3 كيلو كيس 3,510.0
2025-03,262,بانيه 900 جرام,53.95126705653021
2025-03,270,برجر اسبشيال,55.0
2025-03,292,عجينه سجق 5 كيلو الهنا,200.0
2025-03,296,عجينه كفته,200.0
2025-03,319,عجينه حواوشي,240.0
2025-03,33,كيلو مفروم هندى,202.29885057471265
2025-03,346,بانيه 800 جرام,48.07397346149828
2025-03,382,كيلو سجق مخصوص,180.0
2025-03,383,كيلو عجينة سجق مخصوص,150.0
2025-03,385,برجر مخصوص 600 جرام,100.0
2025-03,43,بفتيك 400 جم,91.1219512195122
2025-03,44,برجر ابو هاشم 600 جرام,65.0
2025-03,6,برجر 400 جم ابو هاشم,44.621848739495796
2025-03,7,سجق 350 جم ابو هاشم,44.28312159709619
2025-03,8,كفته 350 جم ابو هاشم,39.56611570247934
2025-03,96,عرض مصنعات,55.0
2025-03,99,سجق الهنا 800 جرام,50.66333333333333
2025-04,1,مفروم صافى 400 جم,77.09375
2025-04,10,مفروم صويا 400 جم,64.67625899280576
2025-04,101,كفته الهنا 800 جرام,45.62737771371948
2025-04,102,كفته الهنا 350,20.19713615023474
2025-04,104,برجر الهنا 400 جرام,23.937535981577433
2025-04,107,سجق 800 ابو هاشم,90.93360995850622
2025-04,108,سجق الهنا 350,25.133509234828495
2025-04,109,برجر ابو هاشم 1 ك,100.0
2025-04,114,كفته ابو هاشم 800,88.27319587628865
2025-04,120,برجر الهنا 900 جرام,47.827549295774645
2025-04,13,سجق شرقى 3 ك ابو هاشم كيس 3,317.5112107623318
2025-04,15,تشكيله برازيلى,284.99999999999994
2025-04,2,كبده اسكندرانى 400,66.51673944687045
2025-04,255,برجر ابو هاشم جامبو 1.5 كيلو,167.85714285714286
2025-04,257,سجق الهنا 5 كيلو,292.56965944272446
2025-04,258,كبده 3 كيلو كيس 3,540.0
2025-04,262,بانيه 900 جرام,54.62686567164179
2025-04,292,عجينه سجق 5 كيلو الهنا,200.0
2025-04,316,موزه,274.0
2025-04,319,عجينه حواوشي,240.0
2025-04,33,كيلو مفروم هندى,201.9047619047619
2025-04,346,بانيه 800 جرام,49.00777751590856
2025-04,44,برجر ابو هاشم 600 جرام,65.0
2025-04,6,برجر 400 جم ابو هاشم,44.49850746268657
2025-04,7,سجق 350 جم ابو هاشم,43.710997442455245
2025-04,8,كفته 350 جم ابو هاشم,39.60493827160494
2025-04,80,برجر 1200 جم,140.0
2025-04,96,عرض مصنعات,55.0
2025-04,99,سجق الهنا 800 جرام,50.902924120913006
2025-05,1,مفروم صافى 400 جم,77.57879656160459
2025-05,10,مفروم صويا 400 جم,64.48898071625344
2025-05,101,كفته الهنا 800 جرام,45.8165591171834
2025-05,102,كفته الهنا 350,19.942422020708726
2025-05,104,برجر الهنا 400 جرام,23.95989872760322
2025-05,107,سجق 800 ابو هاشم,87.92553191489361
2025-05,108,سجق الهنا 350,25.235580595874712
2025-05,109,برجر ابو هاشم 1 ك,100.0
2025-05,114,كفته ابو هاشم 800,89.9034749034749
2025-05,120,برجر الهنا 900 جرام,46.87017353579176
2025-05,13,سجق شرقى 3 ك ابو هاشم كيس 3,318.2798833819242
2025-05,2,كبده اسكندرانى 400,66.59468723221937
2025-05,20,كيلو اسكندرانى,170.0
2025-05,21,كيلو سجق,100.0
2025-05,255,برجر ابو هاشم جامبو 1.5 كيلو,167.0731707317073
2025-05,257,سجق الهنا 5 كيلو,291.2267657992565
2025-05,258,كبده 3 كيلو كيس 3,540.0
2025-05,262,بانيه 900 جرام,54.54472415640064
2025-05,270,برجر اسبشيال,43.333333333333336
2025-05,292,عجينه سجق 5 كيلو الهنا,200.0
2025-05,316,موزه,280.0
2025-05,33,كيلو مفروم هندى,206.42857142857142
2025-05,346,بانيه 800 جرام,49.547935368043085
2025-05,397,بانيه 800 جرام اسباشيل,49.86486486486486
2025-05,398,بانيه 900 جرام اسباشيل,54.326530612244895
2025-05,399,كفته اسبيشيال صغير,22.822850146914792
2025-05,402,كفته اسبيشيال عائلى,52.67307692307692
2025-05,403,برجر اسبشيال صغير,24.867061356297093
2025-05,404,برجر اسبشيال عائلى,56.85550259965338
2025-05,405,سجق اسبيشيال صغير,36.3757421875
2025-05,406,سجق اسبيشيال عائلى,60.71377049180328
2025-05,44,برجر ابو هاشم 600 جرام,65.0
2025-05,6,برجر 400 جم ابو هاشم,44.247252747252745
2025-05,7,سجق 350 جم ابو هاشم,42.720588235294116
2025-05,8,كفته 350 جم ابو هاشم,39.04633204633205
2025-05,80,برجر 1200 جم,140.0
2025-05,96,عرض مصنعات,55.0
2025-05,99,سجق الهنا 800 جرام,50.98490066225165
2025-06,1,مفروم صافى 400 جم,78.26696832579185
2025-06,10,مفروم صويا 400 جم,65.0
2025-06,101,كفته الهنا 800 جرام,45.231948983658825
2025-06,102,كفته الهنا 350,19.200585069444443
2025-06,104,برجر الهنا 400 جرام,24.01476936658574
2025-06,107,سجق 800 ابو هاشم,92.12418300653594
2025-06,108,سجق الهنا 350,25.218090452261308
2025-06,109,برجر ابو هاشم 1 ك,100.0
2025-06,114,كفته ابو هاشم 800,88.59712230215827
2025-06,120,برجر الهنا 900 جرام,48.12691102858065
2025-06,13,سجق شرقى 3 ك ابو هاشم كيس 3,318.2778581765557
2025-06,2,كبده اسكندرانى 400,66.58592471358429
2025-06,20,كيلو اسكندرانى,170.0
2025-06,255,برجر ابو هاشم جامبو 1.5 كيلو,169.0677966101695
2025-06,257,سجق الهنا 5 كيلو,296.0352422907489
2025-06,258,كبده 3 كيلو كيس 3,515.0
2025-06,262,بانيه 900 جرام,54.20843520782396
2025-06,292,عجينه سجق 5 كيلو الهنا,200.0
2025-06,33,كيلو مفروم هندى,201.1764705882353
2025-06,346,بانيه 800 جرام,50.0484076433121
2025-06,356,برجر اسبشيال مخصوص 1 ك,170.0
2025-06,386,سجق اسباشيل 1 كيلو,170.0
2025-06,397,بانيه 800 جرام اسباشيل,50.0
2025-06,398,بانيه 900 جرام اسباشيل,54.987046632124354
2025-06,399,كفته اسبيشيال صغير,23.286290322580644
2025-06,402,كفته اسبيشيال عائلى,52.9125
2025-06,403,برجر اسبشيال صغير,25.419303797468356
2025-06,404,برجر اسبشيال عائلى,57.14814177563662
2025-06,405,سجق اسبيشيال صغير,0.0
2025-06,406,سجق اسبيشيال عائلى,60.697916666666664
2025-06,44,برجر ابو هاشم 600 جرام,65.0
2025-06,6,برجر 400 جم ابو هاشم,43.82513661202186
2025-06,7,سجق 350 جم ابو هاشم,43.524647887323944
2025-06,8,كفته 350 جم ابو هاشم,38.849624060150376
2025-06,80,برجر 1200 جم,140.0
2025-06,96,عرض مصنعات,55.0
2025-06,99,سجق الهنا 800 جرام,51.27333333333333
2025-07,1,مفروم صافى 400 جم,77.99729364005412
2025-07,10,مفروم صويا 400 جم,65.96035901271503
2025-07,101,كفته الهنا 800 جرام,45.95052556615867
2025-07,102,كفته الهنا 350,20.081954956134606
2025-07,104,برجر الهنا 400 جرام,23.872844465203176
2025-07,107,سجق 800 ابو هاشم,89.58333333333333
2025-07,108,سجق الهنا 350,25.133333333333333
2025-07,109,برجر ابو هاشم 1 ك,99.62121212121212
2025-07,114,كفته ابو هاشم 800,88.62654320987654
2025-07,120,برجر الهنا 900 جرام,48.392824882829146
2025-07,13,سجق شرقى 3 ك ابو هاشم كيس 3,318.46378931967814
2025-07,2,كبده اسكندرانى 400,66.30298913043478
2025-07,20,كيلو اسكندرانى,170.0
2025-07,255,برجر ابو هاشم جامبو 1.5 كيلو,168.3
2025-07,257,سجق الهنا 5 كيلو,290.2439024390244
2025-07,258,كبده 3 كيلو كيس 3,528.0
2025-07,262,بانيه 900 جرام,54.583333333333336
2025-07,292,عجينه سجق 5 كيلو الهنا,200.0
2025-07,33,كيلو مفروم هندى,206.07843137254903
2025-07,346,بانيه 800 جرام,49.97387755102041
2025-07,356,برجر اسبشيال مخصوص 1 ك,170.0
2025-07,382,كيلو سجق مخصوص,170.0
2025-07,386,سجق اسباشيل 1 كيلو,170.0
2025-07,387,عجينة سجق بقرى 5 ك اسبشيال,370.0
2025-07,397,بانيه 800 جرام اسباشيل,49.93270524899058
2025-07,398,بانيه 900 جرام اسباشيل,55.00697906281157
2025-07,399,كفته اسبيشيال صغير,22.66288709677419
2025-07,402,كفته اسبيشيال عائلى,52.72486288848263
2025-07,403,برجر اسبشيال صغير,24.84412780656304
2025-07,404,برجر اسبشيال عائلى,57.00586552217454
2025-07,405,سجق اسبيشيال صغير,36.19189368770765
2025-07,406,سجق اسبيشيال عائلى,60.697916666666664
2025-07,416,عجينة سجق اسبشيال نصف كيلو,11.666666666666666
2025-07,417,كيلو كفته مخصوص 2,170.0
2025-07,44,برجر ابو هاشم 600 جرام,65.0
2025-07,6,برجر 400 جم ابو هاشم,39.49367088607595
2025-07,7,سجق 350 جم ابو هاشم,41.904761904761905
2025-07,8,كفته 350 جم ابو هاشم,37.387387387387385
2025-07,80,برجر 1200 جم,140.0
2025-07,96,عرض مصنعات,55.0
2025-07,99,سجق الهنا 800 جرام,50.568901098901094
2025-08,1,مفروم صافى 400 جم,77.26102941176471
2025-08,101,كفته الهنا 800 جرام,44.963867148964155
2025-08,102,كفته الهنا 350,20.148520664015216
2025-08,104,برجر الهنا 400 جرام,23.706256771397616
2025-08,107,سجق 800 ابو هاشم,91.02067183462532
2025-08,108,سجق الهنا 350,25.14002613240418
2025-08,109,برجر ابو هاشم 1 ك,99.83870967741936
2025-08,114,كفته ابو هاشم 800,88.54211663066954
2025-08,120,برجر الهنا 900 جرام,46.56306122448979
2025-08,13,سجق شرقى 3 ك ابو هاشم كيس 3,318.2074263764405
2025-08,2,كبده اسكندرانى 400,66.296783625731
2025-08,20,كيلو اسكندرانى,170.0
2025-08,255,برجر ابو هاشم جامبو 1.5 كيلو,167.99180327868854
2025-08,257,سجق الهنا 5 كيلو,292.6751592356688
2025-08,258,كبده 3 كيلو كيس 3,534.0
2025-08,262,بانيه 900 جرام,55.0
2025-08,292,عجينه سجق 5 كيلو الهنا,200.0
2025-08,316,موزه,278.0
2025-08,33,كيلو مفروم هندى,202.30769230769232
2025-08,346,بانيه 800 جرام,50.03391199031086
2025-08,356,برجر اسبشيال مخصوص 1 ك,170.0
2025-08,387,عجينة سجق بقرى 5 ك اسبشيال,350.0
2025-08,397,بانيه 800 جرام اسباشيل,50.0
2025-08,398,بانيه 900 جرام اسباشيل,55.02503128911139
2025-08,399,كفته اسبيشيال صغير,22.838716040193525
2025-08,402,كفته اسبيشيال عائلى,52.66270718232044
2025-08,403,برجر اسبشيال صغير,24.804695304695304
2025-08,404,برجر اسبشيال عائلى,56.60272206303725
2025-08,405,سجق اسبيشيال صغير,36.119473684210526
2025-08,406,سجق اسبيشيال عائلى,60.693749999999994
2025-08,416,عجينة سجق اسبشيال نصف كيلو,35.0
2025-08,419,عجينة سجق اسباشيل بقرى 250 جرام,8.289473684210526
2025-08,420,برجر الهنا 800 جرام,44.525
2025-08,421,برجر ابو هاشم 1 ك,107.74006451612902
2025-08,422,بانيه 700 جرام,45.0
2025-08,44,برجر ابو هاشم 600 جرام,64.76439790575917
2025-08,6,برجر 400 جم ابو هاشم,44.15352697095436
2025-08,7,سجق 350 جم ابو هاشم,43.82078853046595
2025-08,8,كفته 350 جم ابو هاشم,39.47876447876448
2025-08,80,برجر 1200 جم,140.0
2025-08,96,عرض مصنعات,55.0
2025-08,99,سجق الهنا 800 جرام,50.6288188976378
2025-09,1,مفروم صافى 400 جم,78.98042704626334
2025-09,10,مفروم صويا 400 جم,65.0
2025-09,101,كفته الهنا 800 جرام,45.87799965526156
2025-09,102,كفته الهنا 350,20.267872767735984
2025-09,104,برجر الهنا 400 جرام,23.635973399400182
2025-09,107,سجق 800 ابو هاشم,89.0625
2025-09,108,سجق الهنا 350,25.163195759182127
2025-09,114,كفته ابو هاشم 800,88.26923076923077
2025-09,120,برجر الهنا 900 جرام,47.968240729179676
2025-09,13,سجق شرقى 3 ك ابو هاشم كيس 3,319.16083916083915
2025-09,2,كبده اسكندرانى 400,70.42394366197183
2025-09,21,كيلو سجق,100.0
2025-09,23,كيلو كفته,100.0
2025-09,255,برجر ابو هاشم جامبو 1.5 كيلو,168.81294964028777
2025-09,257,سجق الهنا 5 كيلو,292.5691699604743
2025-09,258,كبده 3 كيلو كيس 3,562.8571428571429
2025-09,262,بانيه 900 جرام,53.958333333333336
2025-09,292,عجينه سجق 5 كيلو الهنا,200.0
2025-09,33,كيلو مفروم هندى,207.7027027027027
2025-09,346,بانيه 800 جرام,51.34011090573013
2025-09,356,برجر اسبشيال مخصوص 1 ك,200.0
2025-09,382,كيلو سجق مخصوص,200.0
2025-09,387,عجينة سجق بقرى 5 ك اسبشيال,350.0
2025-09,397,بانيه 800 جرام اسباشيل,50.0
2025-09,398,بانيه 900 جرام اسباشيل,54.712246777163905
2025-09,399,كفته اسبيشيال صغير,22.710885269121817
2025-09,402,كفته اسبيشيال عائلى,52.56057416267943
2025-09,403,برجر اسبشيال صغير,24.832472896231284
2025-09,404,برجر اسبشيال عائلى,56.80921052631579
2025-09,405,سجق اسبيشيال صغير,35.683516483516485
2025-09,406,سجق اسبيشيال عائلى,60.745625000000004
2025-09,416,عجينة سجق اسبشيال نصف كيلو,35.0
2025-09,418,كيلو كفته مخصوص 1,170.0
2025-09,419,عجينة سجق اسباشيل بقرى 250 جرام,17.5
2025-09,420,برجر الهنا 800 جرام,40.38
2025-09,421,برجر ابو هاشم 1 ك,109.93243243243244
2025-09,422,بانيه 700 جرام,46.5
2025-09,423,سجق اسبشيال 5 ك,410.0
2025-09,44,برجر ابو هاشم 600 جرام,64.6875
2025-09,6,برجر 400 جم ابو هاشم,43.970588235294116
2025-09,7,سجق 350 جم ابو هاشم,43.49264705882353
2025-09,71,طبق ممبار,35.0
2025-09,8,كفته 350 جم ابو هاشم,38.99382716049383
2025-09,80,برجر 1200 جم,139.58333333333334
2025-09,86,كيلو كفته مخصوص 1,170.0
2025-09,96,عرض مصنعات,55.0
2025-09,99,سجق الهنا 800 جرام,51.08495091762696
2025-10,1,مفروم صافى 400 جم,77.27631578947368
2025-10,10,مفروم صويا 400 جم,65.0
2025-10,101,كفته الهنا 800 جرام,45.38699045817932
2025-10,102,كفته الهنا 350,19.295749562821257
2025-10,104,برجر الهنا 400 جرام,23.86160580290145
2025-10,107,سجق 800 ابو هاشم,89.10863509749304
2025-10,108,سجق الهنا 350,25.091776921788647
2025-10,114,كفته ابو هاشم 800,88.6576354679803
2025-10,120,برجر الهنا 900 جرام,48.716346649484535
2025-10,13,سجق شرقى 3 ك ابو هاشم كيس 3,318.3241973375098
2025-10,2,كبده اسكندرانى 400,71.3224008574491
2025-10,20,كيلو اسكندرانى,175.0
2025-10,21,كيلو سجق,100.0
2025-10,255,برجر ابو هاشم جامبو 1.5 كيلو,168.25
2025-10,257,سجق الهنا 5 كيلو,293.39449541284404
2025-10,258,كبده 3 كيلو كيس 3,530.0
2025-10,262,بانيه 900 جرام,54.43592057761733
2025-10,292,عجينه سجق 5 كيلو الهنا,200.0
2025-10,33,كيلو مفروم هندى,214.59459459459458
2025-10,346,بانيه 800 جرام,50.95502779181405
2025-10,356,برجر اسبشيال مخصوص 1 ك,200.0
2025-10,382,كيلو سجق مخصوص,200.0
2025-10,387,عجينة سجق بقرى 5 ك اسبشيال,350.0
2025-10,398,بانيه 900 جرام اسباشيل,55.0
2025-10,399,كفته اسبيشيال صغير,22.747904040404045
2025-10,402,كفته اسبيشيال عائلى,52.452250847457634
2025-10,403,برجر اسبشيال صغير,24.867857142857144
2025-10,404,برجر اسبشيال عائلى,56.648468253968254
2025-10,405,سجق اسبيشيال صغير,36.379999999999995
2025-10,406,سجق اسبيشيال عائلى,60.7975
2025-10,419,عجينة سجق اسباشيل بقرى 250 جرام,17.5
2025-10,420,برجر الهنا 800 جرام,41.537416666666665
2025-10,421,برجر ابو هاشم 1 ك,108.55172413793103
2025-10,422,بانيه 700 جرام,45.25
2025-10,44,برجر ابو هاشم 600 جرام,65.0
2025-10,6,برجر 400 جم ابو هاشم,44.469026548672566
2025-10,7,سجق 350 جم ابو هاشم,43.84070796460177
2025-10,8,كفته 350 جم ابو هاشم,39.52069716775599
2025-10,80,برجر 1200 جم,129.33673469387756
2025-10,86,كيلو كفته مخصوص 1,170.0
2025-10,96,عرض مصنعات,85.9375
2025-10,99,سجق الهنا 800 جرام,50.64911764705883
2025-11,1,مفروم صافى 400 جم,79.64780600461894
2025-11,10,مفروم صويا 400 جم,65.0
2025-11,101,كفته الهنا 800 جرام,46.11550476190477
2025-11,102,كفته الهنا 350,20.279978954514593
2025-11,104,برجر الهنا 400 جرام,23.762277414669573
2025-11,107,سجق 800 ابو هاشم,91.54356060606061
2025-11,108,سجق الهنا 350,25.18931828050369
2025-11,114,كفته ابو هاشم 800,89.43844492440604
2025-11,12,مفروم 3 كيلو كيس 3,660.0
2025-11,120,برجر الهنا 900 جرام,48.8773870424261
2025-11,13,سجق شرقى 3 ك ابو هاشم كيس 3,318.1272860277981
2025-11,2,كبده اسكندرانى 400,71.85402766476811
2025-11,20,كيلو اسكندرانى,170.71428571428572
2025-11,255,برجر ابو هاشم جامبو 1.5 كيلو,169.46153846153845
2025-11,257,سجق الهنا 5 كيلو,296.5581395348837
2025-11,258,كبده 3 كيلو كيس 3,558.5714285714286
2025-11,262,بانيه 900 جرام,57.78260869565217
2025-11,292,عجينه سجق 5 كيلو الهنا,200.0
2025-11,316,موزه,278.0
2025-11,33,كيلو مفروم هندى,213.26530612244898
2025-11,346,بانيه 800 جرام,51.093784078516904
2025-11,382,كيلو سجق مخصوص,200.0
2025-11,387,عجينة سجق بقرى 5 ك اسبشيال,350.0
2025-11,397,بانيه 800 جرام اسباشيل,50.707692307692305
2025-11,398,بانيه 900 جرام اسباشيل,57.0
2025-11,399,كفته اسبيشيال صغير,22.732592
2025-11,402,كفته اسبيشيال عائلى,52.61872555410691
2025-11,403,برجر اسبشيال صغير,24.819
2025-11,404,برجر اسبشيال عائلى,56.82508992805755
2025-11,405,سجق اسبيشيال صغير,36.35076923076923
2025-11,406,سجق اسبيشيال عائلى,60.7975
2025-11,420,برجر الهنا 800 جرام,41.880918367346936
2025-11,421,برجر ابو هاشم 1 ك,109.57295373665481
2025-11,422,بانيه 700 جرام,47.0
2025-11,44,برجر ابو هاشم 600 جرام,65.0
2025-11,7,سجق 350 جم ابو هاشم,44.09871244635193
2025-11,71,طبق ممبار,35.0
2025-11,8,كفته 350 جم ابو هاشم,39.56420233463035
2025-11,80,برجر 1200 جم,130.48024316109422
2025-11,99,سجق الهنا 800 جرام,51.49958932238193
2025-12,1,مفروم صافى 400 جم,78.75923190546528
2025-12,10,مفروم صويا 400 جم,65.0
2025-12,101,كفته الهنا 800 جرام,45.8896209038338
2025-12,102,كفته الهنا 350,19.428368676368674
2025-12,104,برجر الهنا 400 جرام,23.632448024948022
2025-12,107,سجق 800 ابو هاشم,90.35496957403652
2025-12,108,سجق الهنا 350,25.101156069364162
2025-12,114,كفته ابو هاشم 800,89.05479452054794
2025-12,12,مفروم 3 كيلو كيس 3,600.0
2025-12,120,برجر الهنا 900 جرام,48.845088578967214
2025-12,13,سجق شرقى 3 ك ابو هاشم كيس 3,318.4969532836831
2025-12,19,كيلو قطع ه,250.0
2025-12,2,كبده اسكندرانى 400,71.03668005354753
2025-12,20,كيلو اسكندرانى,170.0
2025-12,23,كيلو كفته,100.0
2025-12,255,برجر ابو هاشم جامبو 1.5 كيلو,167.2164948453608
2025-12,257,سجق الهنا 5 كيلو,292.7319587628866
2025-12,258,كبده 3 كيلو كيس 3,538.3333333333334
2025-12,262,بانيه 900 جرام,57.0
2025-12,292,عجينه سجق 5 كيلو الهنا,200.0
2025-12,316,موزه,277.99999999999994
2025-12,33,كيلو مفروم هندى,213.768115942029
2025-12,346,بانيه 800 جرام,51.65197447147985
2025-12,382,كيلو سجق مخصوص,200.0
2025-12,397,بانيه 800 جرام اسباشيل,50.6244579358196
2025-12,398,بانيه 900 جرام اسباشيل,56.333333333333336
2025-12,399,كفته اسبيشيال صغير,22.91455635491607
2025-12,402,كفته اسبيشيال عائلى,52.42462951985774
2025-12,403,برجر اسبشيال صغير,24.9
2025-12,404,برجر اسبشيال عائلى,56.567447744774476
2025-12,405,سجق اسبيشيال صغير,36.52
2025-12,406,سجق اسبيشيال عائلى,60.71416666666667
2025-12,420,برجر الهنا 800 جرام,41.66679687500001
2025-12,421,برجر ابو هاشم 1 ك,108.93805309734513
2025-12,422,بانيه 700 جرام,44.0
2025-12,44,برجر ابو هاشم 600 جرام,65.0
2025-12,6,برجر 400 جم ابو هاشم,45.0
2025-12,7,سجق 350 جم ابو هاشم,43.0719794344473
2025-12,71,طبق ممبار,35.0
2025-12,8,كفته 350 جم ابو هاشم,39.5125348189415
2025-12,80,برجر 1200 جم,131.80327868852459
2025-12,99,سجق الهنا 800 جرام,51.11875
2026-01,1,مفروم صافى 400 جم,79.59722222222223
2026-01,10,مفروم صويا 400 جم,64.84848484848484
2026-01,101,كفته الهنا 800 جرام,45.61195553725813
2026-01,102,كفته الهنا 350,17.992160953800298
2026-01,104,برجر الهنا 400 جرام,23.02658277534056
2026-01,107,سجق 800 ابو هاشم,91.44316831683169
2026-01,108,سجق الهنا 350,25.1410079867805
2026-01,11,شاورما 400 جم,97.93333333333334
2026-01,1111,برجر 800 ابوهاشم,90.0
2026-01,114,كفته ابو هاشم 800,88.6581560283688
2026-01,12,مفروم 3 كيلو كيس 3,600.0
2026-01,120,برجر الهنا 900 جرام,48.61562139037433
2026-01,13,سجق شرقى 3 ك ابو هاشم كيس 3,318.68706218727664
2026-01,14,تشكيله هندى امامى,220.0
2026-01,16,كرتونه كبده امريكى,170.0
2026-01,2,كبده اسكندرانى 400,71.6619411123228
2026-01,20,كيلو اسكندرانى,146.66666666666666
2026-01,21,كيلو سجق,92.0618556701031
2026-01,23,كيلو كفته,100.0
2026-01,255,برجر ابو هاشم جامبو 1.5 كيلو,167.70408163265307
2026-01,257,سجق الهنا 5 كيلو,292.6975476839237
2026-01,258,كبده 3 كيلو كيس 3,552.2222222222222
2026-01,262,بانيه 900 جرام,54.60526315789474
2026-01,27,مفروم صويا 350 جم,65.0
2026-01,292,عجينه سجق 5 كيلو الهنا,200.0
2026-01,299,جلد فراخ,26.0
2026-01,33,كيلو مفروم هندى,207.77777777777777
2026-01,346,بانيه 800 جرام,51.01628664495114
2026-01,397,بانيه 800 جرام اسباشيل,51.2289156626506
2026-01,398,بانيه 900 جرام اسباشيل,54.60440985732814
2026-01,399,كفته اسبيشيال صغير,22.851519434628976
2026-01,402,كفته اسبيشيال عائلى,52.47839285714285
2026-01,403,برجر اسبشيال صغير,24.833768778576093
2026-01,404,برجر اسبشيال عائلى,56.57361111111111
2026-01,405,سجق اسبيشيال صغير,36.217728531855954
2026-01,406,سجق اسبيشيال عائلى,60.755367647058826
2026-01,420,برجر الهنا 800 جرام,42.93290598290597
2026-01,421,برجر ابو هاشم 1 ك,107.6729411764706
2026-01,422,بانيه 700 جرام,44.77142857142857
2026-01,423,سجق اسبشيال 5 ك,410.0
2026-01,43,بفتيك 400 جم,98.26666666666667
2026-01,44,برجر ابو هاشم 600 جرام,65.0
2026-01,6,برجر 400 جم ابو هاشم,44.07364341085271
2026-01,7,سجق 350 جم ابو هاشم,43.64377682403433
2026-01,71,طبق ممبار,35.0
2026-01,8,كفته 350 جم ابو هاشم,39.31089743589744
2026-01,80,برجر 1200 جم,132.9787234042553
2026-01,99,سجق الهنا 800 جرام,50.317
2026-02,1,مفروم صافى 400 جم,79.97532082922014
2026-02,10,مفروم صويا 400 جم,65.0
2026-02,101,كفته الهنا 800 جرام,45.431771168781964
2026-02,102,كفته الهنا 350,19.54387074829932
2026-02,104,برجر الهنا 400 جرام,23.765343749999996
2026-02,107,سجق 800 ابو هاشم,90.25219399538105
2026-02,108,سجق الهنا 350,25.04373259052925
2026-02,11,شاورما 400 جم,100.0
2026-02,114,كفته ابو هاشم 800,87.79716713881021
2026-02,12,مفروم 3 كيلو كيس 3,660.0
2026-02,120,برجر الهنا 900 جرام,48.477428044280444
2026-02,13,سجق شرقى 3 ك ابو هاشم كيس 3,318.6009253139458
2026-02,14,تشكيله هندى امامى,230.00000000000003
2026-02,18,كيلو برجر,200.0
2026-02,2,كبده اسكندرانى 400,67.72724935732647
2026-02,20,كيلو اسكندرانى,165.0
2026-02,21,كيلو سجق,100.0
2026-02,23,كيلو كفته,100.0
2026-02,255,برجر ابو هاشم جامبو 1.5 كيلو,167.61975308641976
2026-02,257,سجق الهنا 5 كيلو,295.14084507042253
2026-02,258,كبده 3 كيلو كيس 3,539.0909090909091
2026-02,262,بانيه 900 جرام,53.89705882352941
2026-02,27,مفروم صويا 350 جم,65.0
2026-02,292,عجينه سجق 5 كيلو الهنا,200.0
2026-02,33,كيلو مفروم هندى,203.94736842105263
2026-02,346,بانيه 800 جرام,51.790428526743824
2026-02,397,بانيه 800 جرام اسباشيل,50.37869822485207
2026-02,398,بانيه 900 جرام اسباشيل,55.5730659025788
2026-02,399,كفته اسبيشيال صغير,22.873646153846153
2026-02,402,كفته اسبيشيال عائلى,52.80329861111111
2026-02,403,برجر اسبشيال صغير,24.908653846153847
2026-02,404,برجر اسبشيال عائلى,56.81751269035533
2026-02,405,سجق اسبيشيال صغير,36.383764705882356
2026-02,406,سجق اسبيشيال عائلى,60.360344827586204
2026-02,420,برجر الهنا 800 جرام,42.321052631578944
2026-02,421,برجر ابو هاشم 1 ك,116.16484848484849
2026-02,422,بانيه 700 جرام,47.0
2026-02,423,سجق اسبشيال 5 ك,410.0
2026-02,43,بفتيك 400 جم,98.4776119402985
2026-02,44,برجر ابو هاشم 600 جرام,65.0
2026-02,6,برجر 400 جم ابو هاشم,38.44886363636363
2026-02,7,سجق 350 جم ابو هاشم,44.25
2026-02,71,طبق ممبار,35.0
2026-02,8,كفته 350 جم ابو هاشم,39.28623188405797
2026-02,80,برجر 1200 جم,130.0
2026-02,96,عرض مصنعات,550.0
2026-02,99,سجق الهنا 800 جرام,51.010625000000005
2026-03,1,مفروم صافى 400 جم,87.15248796147672
2026-03,10,مفروم صويا 400 جم,68.32495164410058
2026-03,101,كفته الهنا 800 جرام,48.41408312958435
2026-03,102,كفته الهنا 350,21.732865810968494
2026-03,104,برجر الهنا 400 جرام,25.793676444444444
2026-03,107,سجق 800 ابو هاشم,93.81057268722466
2026-03,108,سجق الهنا 350,26.83453125
2026-03,11,شاورما 400 جم,88.57142857142857
2026-03,114,كفته ابو هاشم 800,90.18027888446215
2026-03,120,برجر الهنا 900 جرام,52.04159313725491
2026-03,13,سجق شرقى 3 ك ابو هاشم كيس 3,346.5421254801537
2026-03,14,تشكيله هندى امامى,230.0
2026-03,2,كبده اسكندرانى 400,72.85755627009647
2026-03,20,كيلو اسكندرانى,165.0
2026-03,21,كيلو سجق,125.0
2026-03,23,كيلو كفته,100.0
2026-03,255,برجر ابو هاشم جامبو 1.5 كيلو,169.71415094339622
2026-03,257,سجق الهنا 5 كيلو,303.4594594594595
2026-03,258,كبده 3 كيلو كيس 3,450.0
2026-03,262,بانيه 900 جرام,53.75
2026-03,292,عجينه سجق 5 كيلو الهنا,230.0
2026-03,33,كيلو مفروم هندى,230.74766355140187
2026-03,346,بانيه 800 جرام,51.44466700050075
2026-03,397,بانيه 800 جرام اسباشيل,50.65325443786982
2026-03,398,بانيه 900 جرام اسباشيل,55.93643586833144
2026-03,399,كفته اسبيشيال صغير,25.230257531584062
2026-03,402,كفته اسبيشيال عائلى,53.924833051563816
2026-03,403,برجر اسبشيال صغير,27.743580481622303
2026-03,404,برجر اسبشيال عائلى,58.69813035495716
2026-03,405,سجق اسبيشيال صغير,35.287867177522344
2026-03,406,سجق اسبيشيال عائلى,57.590500000000006
2026-03,420,برجر الهنا 800 جرام,42.95445544554455
2026-03,421,برجر ابو هاشم 1 ك,112.88137254901962
2026-03,422,بانيه 700 جرام,47.546875
2026-03,43,بفتيك 400 جم,86.0
2026-03,44,برجر ابو هاشم 600 جرام,65.0
2026-03,6,برجر 400 جم ابو هاشم,46.80684210526315
2026-03,7,سجق 350 جم ابو هاشم,44.348333333333336
2026-03,71,طبق ممبار,35.72
2026-03,8,كفته 350 جم ابو هاشم,40.85084745762712
2026-03,80,برجر 1200 جم,130.0
2026-03,99,سجق الهنا 800 جرام,54.18726277372263
2026-04,1,مفروم صافى 400 جم,96.65724381625442
2026-04,101,كفته الهنا 800 جرام,54.09291628545288
2026-04,102,كفته الهنا 350,22.445804020100503
2026-04,104,برجر الهنا 400 جرام,28.00059963742853
2026-04,107,سجق 800 ابو هاشم,109.78204081632653
2026-04,108,سجق الهنا 350,30.503579091531613
2026-04,11,شاورما 400 جم,95.0
2026-04,114,كفته ابو هاشم 800,103.19573770491802
2026-04,120,برجر الهنا 900 جرام,56.491783625730996
2026-04,13,سجق شرقى 3 ك ابو هاشم كيس 3,374.601598934044
2026-04,2,كبده اسكندرانى 400,75.25917926565874
2026-04,20,كيلو اسكندرانى,190.0
2026-04,255,برجر ابو هاشم جامبو 1.5 كيلو,175.99609375
2026-04,257,سجق الهنا 5 كيلو,364.85948477751754
2026-04,258,كبده 3 كيلو كيس 3,470.0
2026-04,262,بانيه 900 جرام,59.53
2026-04,292,عجينه سجق 5 كيلو الهنا,230.0
2026-04,316,موزه,310.0
2026-04,33,كيلو مفروم هندى,252.9090909090909
2026-04,346,بانيه 800 جرام,53.774193548387096
2026-04,388,عجينة كفته الهنا خام,80.0
2026-04,397,بانيه 800 جرام اسباشيل,53.5
2026-04,398,بانيه 900 جرام اسباشيل,57.93460869565217
2026-04,399,كفته اسبيشيال صغير,27.29890627716919
2026-04,402,كفته اسبيشيال عائلى,63.21056441460344
2026-04,403,برجر اسبشيال صغير,29.74605789473684
2026-04,404,برجر اسبشيال عائلى,62.22187231895029
2026-04,405,سجق اسبيشيال صغير,31.95142566191446
2026-04,406,سجق اسبيشيال عائلى,61.565625000000004
2026-04,420,برجر الهنا 800 جرام,49.619892473118284
2026-04,421,برجر ابو هاشم 1 ك,117.5653846153846
2026-04,422,بانيه 700 جرام,50.5
2026-04,423,سجق اسبشيال 5 ك,400.0
2026-04,432,بفتيك 600 جرام,180.0
2026-04,433,عجينة بقرى 1 ك,0.0
2026-04,6,برجر 400 جم ابو هاشم,48.38181818181818
2026-04,7,سجق 350 جم ابو هاشم,52.223469387755095
2026-04,71,طبق ممبار,35.72
2026-04,8,كفته 350 جم ابو هاشم,49.11428571428571
2026-04,80,برجر 1200 جم,147.88125
2026-04,96,عرض مصنعات,600.0
2026-04,99,سجق الهنا 800 جرام,61.43081081081081
2026-05,1,مفروم صافى 400 جم,96.86699999999999
2026-05,10,مفروم صويا 400 جم,75.0
2026-05,101,كفته الهنا 800 جرام,52.58632686084142
2026-05,102,كفته الهنا 350,22.087040280210157
2026-05,104,برجر الهنا 400 جرام,28.61939512488715
2026-05,107,سجق 800 ابو هاشم,114.04598130841121
2026-05,108,سجق الهنا 350,30.56758121528362
2026-05,11,شاورما 400 جم,106.0
2026-05,114,كفته ابو هاشم 800,103.6506142034549
2026-05,120,برجر الهنا 900 جرام,58.83341708542714
2026-05,13,سجق شرقى 3 ك ابو هاشم كيس 3,374.6187819618782
2026-05,14,تشكيله هندى امامى,300.0
2026-05,2,كبده اسكندرانى 400,76.27949709864603
2026-05,255,برجر ابو هاشم جامبو 1.5 كيلو,178.65
2026-05,257,سجق الهنا 5 كيلو,363.74454148471614
2026-05,258,كبده 3 كيلو كيس 3,566.3636363636364
2026-05,292,عجينه سجق 5 كيلو الهنا,230.0
2026-05,33,كيلو مفروم هندى,269.4035087719298
2026-05,346,بانيه 800 جرام,57.78871825162433
2026-05,359,ام اكس,900.0
2026-05,370,مفروم فراخ A,60.0
2026-05,398,بانيه 900 جرام اسباشيل,62.18212765957447
2026-05,399,كفته اسبيشيال صغير,26.994555873925503
2026-05,402,كفته اسبيشيال عائلى,64.69744084983101
2026-05,403,برجر اسبشيال صغير,29.518821603927986
2026-05,404,برجر اسبشيال عائلى,66.58783343391673
2026-05,405,سجق اسبيشيال صغير,33.07308584686775
2026-05,406,سجق اسبيشيال عائلى,71.29576642335766
2026-05,420,برجر الهنا 800 جرام,46.088888888888896
2026-05,421,برجر ابو هاشم 1 ك,118.9024630541872
2026-05,422,بانيه 700 جرام,55.0
2026-05,43,بفتيك 400 جم,99.44827586206897
2026-05,433,عجينة بقرى 1 ك,90.0
2026-05,435,عجينة بقرى 5 ك,442.06134969325154
2026-05,436,عجينة بقرى 500 جرام,0.0
2026-05,7,سجق 350 جم ابو هاشم,53.662028301886785
2026-05,71,طبق ممبار,33.0
2026-05,8,كفته 350 جم ابو هاشم,50.234640522875814
2026-05,80,برجر 1200 جم,150.48181818181817
2026-05,96,عرض مصنعات,40.0
2026-05,99,سجق الهنا 800 جرام,61.8529039422543
2026-06,1,مفروم صافى 400 جم,96.46367851622875
2026-06,101,كفته الهنا 800 جرام,55.34364754098361
2026-06,102,كفته الهنا 350,20.141176470588235
2026-06,104,برجر الهنا 400 جرام,28.619417475728156
2026-06,107,سجق 800 ابو هاشم,114.29235127478752
2026-06,108,سجق الهنا 350,30.6
2026-06,114,كفته ابو هاشم 800,102.24628099173553
2026-06,120,برجر الهنا 900 جرام,58.658715596330275
2026-06,13,سجق شرقى 3 ك ابو هاشم كيس 3,374.78220286247665
2026-06,2,كبده اسكندرانى 400,76.04140526976161
2026-06,255,برجر ابو هاشم جامبو 1.5 كيلو,180.27777777777777
2026-06,257,سجق الهنا 5 كيلو,370.0698324022346
2026-06,292,عجينه سجق 5 كيلو الهنا,230.0
2026-06,33,كيلو مفروم هندى,264.6666666666667
2026-06,346,بانيه 800 جرام,56.9947245017585
2026-06,398,بانيه 900 جرام اسباشيل,62.0792
2026-06,399,كفته اسبيشيال صغير,26.567973930291867
2026-06,402,كفته اسبيشيال عائلى,60.214394503959014
2026-06,403,برجر اسبشيال صغير,29.338971706723456
2026-06,404,برجر اسبشيال عائلى,66.90232744783306
2026-06,405,سجق اسبيشيال صغير,32.323891625615765
2026-06,406,سجق اسبيشيال عائلى,71.39999999999999
2026-06,420,برجر الهنا 800 جرام,46.559183673469384
2026-06,421,برجر ابو هاشم 1 ك,120.83196347031964
2026-06,435,عجينة بقرى 5 ك,456.9277108433735
2026-06,439,استربس الهنا 800 جرام,149.83957219251337
2026-06,440,استربس الهنا 1 كيلو,120.0
2026-06,441,استريس اسبشيال 900 جرام,164.59893048128342
2026-06,447,استربس الهنا 900 جرام,155.0
2026-06,7,سجق 350 جم ابو هاشم,52.17403314917127
2026-06,8,كفته 350 جم ابو هاشم,50.053521126760565
2026-06,80,برجر 1200 جم,149.73037974683544
2026-06,99,سجق الهنا 800 جرام,62.05848452508004
